id,gaps,dips,class,SMILES
13,3.3635994264720344,4.550742541630566,1,c1(cc(cc2nn(nc12)C)F)c1oc2c(c(c3c(c2)c(cn3C)F)F)c1F
56,2.726390399939427,5.202471649106485,1,c1(c(c(cc2nonc12)OC)OC)c1ccc(c2cc(cn2C)OC)n1C
58,2.6344431265630908,6.275019097452526,1,c1(c(c(cc2nonc12)OC)OC)c1ccc(c2cc(c(n2C)c2c(c(c(c3c2non3)c2ccc(c3cc(cn3C)OC)n2C)OC)O)OCC)n1C
336,2.7987182639921944,9.259615241512222,1,c1(cc(cc2nn(nc12)C)F)c1oc2c(c(c3c(c2)c(c(n3C)c2c(cc(c3c2nn(n3)C)c2oc3c(c(c4c(c3)c(cn4C)F)F)c2F)F)F)F)c1F
477,2.551856569979136,3.6192156789710976,1,c1(c(c(cc2c1ncc(n2)SC)OC)F)c1ccc(c2cc(c(n2C)c2c(c(c(c3c2nc(cn3)SC)c2ccc(c3cc(cn3C)OC)o2)F)OC)OC)o1
586,3.2664547783650435,4.223875264852107,1,c1(c(ccc2nn(nc12)C)C)c1ccc(c2cc(c(n2C)c2cc(c(c3c2nn(n3)C)c2ccc(c3cc(cn3C)SC)s2)C)SC)s1
588,2.601653406403728,5.2810419903674255,1,c1(c(ccc2c1ncc(n2)C)F)c1c(c2c(cc(o2)c2cc(c(c3c2nc(cn3)C)c2c(c3c(cco3)n2C)OC)F)n1C)OC
610,2.9751024682021434,6.172376456618433,1,c1(c(ccc2c1nc(c(n2)OC)SC)OC)c1c(cc(c2c(cc(n2C)c2cc(c(c3c2nc(c(n3)SC)OC)c2c(cc(c3c(ccn3C)SC)o2)OC)OC)SC)o1)OC
663,2.769221121541782,2.7972863208711245,1,c1(c(c(cc2nonc12)OC)OC)c1c(c2c(c(co2)OC)n1C)OC
667,2.8165961446102052,1.5064306290109155,1,c1(c(ccc2nsnc12)OC)c1c(c2c(c(co2)OC)n1C)OC
670,2.927890713449867,3.8921965144256103,1,c1(c(c(cc2nonc12)OC)O)c1c(cc(c2cccn2C)o1)CC
793,2.9144755001398526,4.015737337043223,1,c1(c(cc(c2nn(nc12)C)c1c(c(cn1C)C)OC)C)c1c(c(c(o1)c1c(cc(c2cccn2C)o1)C)F)C
921,2.9192102813080933,2.523115971388179,1,c1(c(ccc2c1ncc(n2)C)F)c1c(c2c(cco2)n1C)OC
1153,2.9512925054308226,2.3027408265203926,1,c1(cc(cc2nn(nc12)C)F)c1ccc(c2cc(cn2C)OC)o1
1155,3.407600237673437,0.9010957860063,1,c1(c(ccc2nn(nc12)C)C)c1c(cc(c2c(ccn2C)SC)o1)OC
1163,3.164221601071496,2.66695828475674,1,c1(cc(cc2nn(nc12)C)F)c1c(cc(c2cccn2C)o1)C
1165,2.4027925973376525,3.6740685831214868,1,c1(c(ccc2nsnc12)OC)c1ccc(c2cc(cn2C)OC)n1C
1172,3.179024595068752,6.2574263579732134,1,c1(c(c(cc2nonc12)OC)OC)c1oc2c(c(c3c(c2)c(cn3C)F)F)c1F
1210,3.1567112585287718,4.9597762618405685,1,c1(cc(cc2nn(nc12)C)F)c1sc2c(c(c3c(c2OC)c(cn3C)C)OC)c1C
1212,3.0144773437794035,3.602782360807052,1,c1(c(c(cc2c1nc(c(n2)F)SC)SC)SC)c1oc2c(c(c3c(c2)c(cn3C)F)F)c1F
1248,2.605082041042797,2.0890602142554573,1,c1(c(ccc2c1ncc(n2)C)F)c1ccc(c2cc(cn2C)OC)o1
1250,2.239605915349522,4.04107803653025,1,c1(c(ccc2nsnc12)OC)c1ccc(c2cc(cn2C)OC)o1
1267,3.2241954958692016,3.7791865016809263,1,c1(c(ccc2c1nc(c(n2)OC)SC)OC)c1c(c2c(cco2)n1C)OC
1344,2.7318054657582764,7.124609174774981,1,c1(c(ccc2c1nc(c(n2)OC)SC)OC)c1c(c2c(cc(o2)c2cc(c(c3c2nc(c(n3)SC)OC)c2c(c3c(cco3)n2C)OC)OC)n1C)OC
1354,2.755234469125256,3.4744690237163565,1,c1(cc(cc2nn(nc12)C)F)c1c(cc(c2ccc(n2C)c2c(cc(c3c2nn(n3)C)c2c(cc(c3cccn3C)o2)C)F)o1)C
1367,2.516236865673239,5.5339888416350895,1,c1(c(c(cc2c1nc(c(n2)F)SC)SC)SC)c1oc2c(c(c3c(c2)c(c(n3C)c2c(c(c(c3c2nc(c(n3)SC)F)c2oc3c(c(c4c(c3)c(cn4C)F)F)c2F)SC)SC)F)F)c1F
1407,2.9290335916628902,1.2351142882384925,1,c1(c(ccc2nn(nc12)C)C)c1c(cc(c2c(cc(n2C)c2cc(c(c3c2nn(n3)C)c2c(cc(c3c(ccn3C)SC)o2)OC)C)SC)o1)OC
1466,2.7489214275676037,12.175725400205849,1,c1(c(c(cc2nonc12)OC)OC)c1oc2c(c(c3c(c2)c(c(n3C)c2c(c(c(c3c2non3)c2oc3c(c(c4c(c3)c(cn4C)F)F)c2F)OC)OC)F)F)c1F
1472,2.602905130160848,2.439109822347996,1,c1(cc(cc2nn(nc12)C)F)c1ccc(c2cc(c(n2C)c2c(cc(c3c2nn(n3)C)c2ccc(c3cc(cn3C)OC)o2)F)OC)o1
1484,3.0375798105140914,7.023887707120223,1,c1(c(ccc2nn(nc12)C)C)c1sc2c(c(c3c(c2OC)c(c(n3C)c2cc(c(c3c2nn(n3)C)c2sc3c(c(c4c(c3OC)c(cn4C)C)OC)c2C)C)C)OC)c1C
1487,2.3743566989421883,6.057359077583525,1,c1(c(ccc2nsnc12)OC)c1ccc(c2cc(c(n2C)c2cc(c(c3c2nsn3)c2ccc(c3cc(cn3C)OC)n2C)OC)OC)n1C
1489,2.809249070383625,10.038342768104037,1,c1(cc(cc2nn(nc12)C)F)c1sc2c(c(c3c(c2OC)c(c(n3C)c2c(cc(c3c2nn(n3)C)c2sc3c(c(c4c(c3OC)c(cn4C)C)OC)c2C)F)C)OC)c1C
1490,1.8806605223020931,7.079439436402234,1,c1(c(ccc2nsnc12)OC)c1ccc(c2cc(c(n2C)c2cc(c(c3c2nsn3)c2ccc(c3cc(cn3C)OC)o2)OC)OC)o1
1601,2.531393607688812,5.336554455587934,1,c1(c(c(cc2nonc12)OC)OC)c1ccc(c2cc(cn2C)OC)o1
1675,3.111703626044468,4.237335364675694,1,c1(cc(cc2c1nc(c(n2)SC)SC)F)c1c(c2c(cco2)n1C)OC
1708,2.746853362229751,0.5738644510211498,1,c1(c(ccc2nsnc12)O)c1c(cc(c2cccn2C)o1)CC
1793,3.0849548335825148,1.5115622160058468,1,c1(c(ccc2c1ncc(n2)C)F)c1oc2c(c(c3c(c2)c(cn3C)F)F)c1F
1799,3.3984300005832253,4.496208994575841,1,c1(cc(cc2nn(nc12)C)F)c1c(c2c(cco2)n1C)OC
1823,2.7344177588166154,2.9113600871040286,1,c1(c(ccc2nsnc12)OC)c1oc2c(c(c3c(c2)c(cn3C)F)F)c1F
1854,3.2919518470698765,3.3726960969616533,1,c1(cc(cc2nn(nc12)C)F)c1ccc(c2cc(cn2C)OC)n1C
2251,2.902448067517083,6.037292259616164,1,c1(c(cc(c2nn(nc12)C)c1c(c(cn1C)C)OC)C)c1c(c(c(o1)c1ccc(c2cc(c(n2C)c2c(c(c(c3cc(c(c4c3nn(n4)C)c3c(c(c(o3)c3ccc(c4cc(cn4C)OC)n3C)F)C)C)n2C)OC)C)OC)n1C)F)C
2301,3.5099422605110817,2.3452768334498435,1,c1(c(ccc2nn(nc12)C)C)c1c(c2c(cco2)n1C)OC
2363,3.3016391004945507,2.5042733063914904,1,c1(c(ccc2nn(nc12)C)C)c1ccc(c2cc(cn2C)OC)o1
2367,2.8196982426169828,1.8528650944550982,1,c1(c(ccc2nn(nc12)C)C)c1ccc(c2cc(c(n2C)c2cc(c(c3c2nn(n3)C)c2ccc(c3cc(cn3C)OC)o2)C)OC)o1
2376,3.1283025715193316,4.892494493465362,1,c1(cc(cc2nn(nc12)C)F)c1c(cc(c2c(ccn2C)SC)o1)OC
2400,3.164303235229569,5.229934335185399,1,c1(c(cc(c2nn(nc12)C)c1c(c(cn1C)C)OC)C)c1c(c(c(o1)c1ccc(c2cc(cn2C)OC)n1C)F)C
2629,2.84560348211218,4.268110106461788,1,c1(c(ccc2nn(nc12)C)C)c1c(c2c(cc(o2)c2cc(c(c3c2nn(n3)C)c2c(c3c(cco3)n2C)OC)C)n1C)OC
2636,2.676267026882543,6.204715692811027,1,c1(cc(cc2nn(nc12)C)F)c1c(cc(c2c(cc(n2C)c2c(cc(c3c2nn(n3)C)c2c(cc(c3c(ccn3C)SC)o2)OC)F)SC)o1)OC
2855,2.8457939618143513,2.440029664025213,1,c1(c(ccc2nsnc12)OC)c1c(c2c(cco2)n1C)OC
2857,3.5528818276575334,2.030574296529367,1,c1(c(ccc2nn(nc12)C)C)c1oc2c(c(c3c(c2)c(cn3C)F)F)c1F
2967,2.8186097871760083,1.7162498898637213,1,c1(cc(cc2c1nc(c(n2)SC)SC)F)c1ccc(c2cc(cn2C)OC)o1
2968,3.289856570346,2.683959783402857,1,c1(cc(cc2c1nc(c(n2)SC)SC)F)c1oc2c(c(c3c(c2)c(cn3C)F)F)c1F
3007,2.963020612807325,6.464895574787392,1,c1(c(cc(c2nn(nc12)C)c1c(c2c(c(cn2C)F)n1C)SC)SC)c1c(c2c(c(c(n2C)c2cc(c(c3c(ccs3)F)n2C)F)C)n1C)F
3051,3.5839844418833846,6.485604722643392,1,c1(c(c(cc2nn(nc12)C)F)F)c1cc(c(c2c(ccs2)F)n1C)F
3108,3.3010404500020147,5.2560039930641835,1,c1(c(c(cc2nn(nc12)C)F)F)c1sc2c(c(c3c(c2)c(cn3C)C)F)c1F
3177,2.7964597189521734,4.602682726102524,1,c1(c(cc(c2nn(nc12)C)c1cccn1C)OC)c1c(c(c(n1C)c1cc(c(c2ccco2)s1)OC)OC)OC
3312,2.650742746791686,3.3381716357970723,1,c1(nccc2c1nn(n2)C)c1c(c2c(c(c3c(c2OC)n(cc3F)C)OC)n1C)F
3321,2.7712075527215605,3.4321313980502515,1,c1(nccc2c1nn(n2)C)c1c(c2c(c(c3c(c2c2cc(c(c(c2)C)C)C)n(cc3F)C)c2cc(c(c(c2)C)C)C)n1C)F
3324,2.673654733824203,3.26964268378428,1,c1(nccc2c1nn(n2)C)c1cc2c(c(c3c(c2c2cc(c(c(c2)C)C)C)n(cc3)C)c2cc(c(c(c2)C)C)C)n1C
3328,2.5305772661080805,2.824906536593935,1,c1(nccc2c1nn(n2)C)c1c(c2c(c(c3c(c2c2cc(c(c(c2)C)C)C)n(cc3OC)C)c2cc(c(c(c2)C)C)C)n1C)OC
3336,2.9456325371377536,3.7878831817611096,1,c1(nccc2c1nn(n2)C)c1c(c2c(c(c3c(c2c2cc(c(c(c2)F)F)F)n(cc3F)C)c2cc(c(c(c2)F)F)F)n1C)F
3339,2.7750987809230443,3.364599177697361,1,c1(nccc2c1nn(n2)C)c1c(c2c(c(c3c(c2c2cc(c(c(c2)F)F)F)n(cc3C)C)c2cc(c(c(c2)F)F)F)n1C)C
3343,2.5736256787986296,3.0044035877626967,1,c1(nccc2c1nn(n2)C)c1c(c2c(c(c3c(c2c2ccccc2)n(cc3C)C)c2ccccc2)n1C)C
3348,2.7743912848864114,3.328196156124311,1,c1(nccc2c1nn(n2)C)c1c(c2c(c(c3c(c2c2ccccc2)n(cc3F)C)c2ccccc2)n1C)F
3351,2.7394246538450995,3.3515355674592624,1,c1(nccc2c1nn(n2)C)c1cc2c(c(c3c(c2c2ccccc2)n(cc3)C)c2ccccc2)n1C
3353,2.7099003000086612,2.936346008434333,1,c1(nccc2c1nn(n2)C)c1c(c2c(c(c3c(c2c2cc(c(c(c2)F)F)F)n(cc3OC)C)c2cc(c(c(c2)F)F)F)n1C)OC
3354,2.707614543582614,3.5593532805290398,1,c1(nccc2c1nn(n2)C)c1c(c2c(c(c3c(c2c2cc(c(c(c2)F)F)F)n(cc3SC)C)c2cc(c(c(c2)F)F)F)n1C)SC
3363,2.732376904864788,2.9303288608925784,1,c1(nccc2c1nn(n2)C)c1c(c2c(c(c3c(c2c2cc(c(c(c2)OC)OC)OC)n(cc3F)C)c2cc(c(c(c2)OC)OC)OC)n1C)F
3375,2.670362156115255,4.786116770548599,1,c1(nccc2c1nn(n2)C)c1c(c2c(c(c3c(c2c2cc(c(c(c2)SC)SC)SC)n(cc3C)C)c2cc(c(c(c2)SC)SC)SC)n1C)C
3376,2.8195349743008364,3.0798889128000604,1,c1(nccc2c1nn(n2)C)c1c(c2c(c(c3c(c2c2cc(c(c(c2)SC)SC)SC)n(cc3F)C)c2cc(c(c(c2)SC)SC)SC)n1C)F
3382,2.573979426816946,3.0247549066142416,1,c1(nccc2c1nn(n2)C)c1c(c2c(c(c3c(c2c2cc(c(c(c2)SC)SC)SC)n(cc3SC)C)c2cc(c(c(c2)SC)SC)SC)n1C)SC
3388,2.772785813110973,3.1002004466245747,1,c1(nccc2c1nn(n2)C)c1cc2c(c(c3c(c2c2cc(c(c(c2)SC)SC)SC)n(cc3)C)c2cc(c(c(c2)SC)SC)SC)n1C
3394,2.5410264383414374,4.158464819343217,1,c1(nccc2c1non2)c1ccc(n1C)c1cccn1C
3400,2.2388439965408398,3.0219359652845155,1,c1(nccc2c1non2)c1c(c2c(cc3c(c2)n(cc3F)C)n1C)F
3402,2.2635519350509643,4.484374467776426,1,c1(nccc2c1non2)c1cc(c(n1C)c1c(ccn1C)OC)OC
3407,2.6219803117639304,3.771570986555,1,c1(nccc2c1non2)c1cc(c(n1C)c1c(ccn1C)C)C
3408,2.6061432850977484,4.495713199628903,1,c1(nccc2c1non2)c1cc(c(n1C)c1c(ccn1C)F)F
3414,2.1022428386985155,3.19991837456128,1,c1(nccc2c1non2)c1c(c2c(c(c3c(c2C)n(cc3F)C)C)n1C)F
3415,2.5009984894995934,4.997179010389709,1,c1(nccc2c1non2)c1cc(c(n1C)c1c(ccn1C)SC)SC
3421,2.233945947056453,2.3209281297215685,1,c1(nccc2c1non2)c1c(c2c(c(c3c(c2F)n(cc3F)C)F)n1C)F
3425,2.058242027497114,2.8549078024332744,1,c1(nccc2c1non2)c1c(c2c(c(c3c(c2OC)n(cc3F)C)OC)n1C)F
3429,2.1637949938856345,2.838266161603852,1,c1(nccc2c1non2)c1c(c2c(c(c3c(c2SC)n(cc3F)C)SC)n1C)F
3435,2.082759486305069,3.179833948218916,1,c1(nccc2c1non2)c1c(c2c(c(c3c(c2c2cc(c(c(c2)C)C)C)n(cc3F)C)c2cc(c(c(c2)C)C)C)n1C)F
3438,1.8621567798055236,5.1365069177906575,1,c1(nccc2c1non2)c1c(c2c(c(c3c(c2c2cc(c(c(c2)C)C)C)n(cc3OC)C)c2cc(c(c(c2)C)C)C)n1C)OC
3439,2.0756845259387333,3.874926749554599,1,c1(nccc2c1non2)c1cc2c(c(c3c(c2c2cc(c(c(c2)C)C)C)n(cc3)C)c2cc(c(c(c2)C)C)C)n1C
3441,2.31704951997487,2.1180166667485167,1,c1(nccc2c1non2)c1c(c2c(c(c3c(c2c2cc(c(c(c2)F)F)F)n(cc3F)C)c2cc(c(c(c2)F)F)F)n1C)F
3450,2.307362266550196,2.790351991190683,1,c1(nccc2c1non2)c1cc2c(c(c3c(c2c2cc(c(c(c2)F)F)F)n(cc3)C)c2cc(c(c(c2)F)F)F)n1C
3452,2.0599563448166496,3.9457098069378302,1,c1(nccc2c1non2)c1c(c2c(c(c3c(c2c2cc(c(c(c2)F)F)F)n(cc3OC)C)c2cc(c(c(c2)F)F)F)n1C)OC
3455,2.0051254019775486,1.8086577430184656,1,c1(nccc2c1nsn2)c1c(c2c(c(c3c(c2C)n(cc3F)C)C)n1C)F
3457,2.166271230013852,1.3297867061726485,1,c1(nccc2c1nsn2)c1c(c2c(c(c3c(c2F)n(cc3F)C)F)n1C)F
3462,2.0736708833729307,1.3782384598563102,1,c1(nccc2c1nsn2)c1c(c2c(c(c3c(c2SC)n(cc3F)C)SC)n1C)F
3465,1.6853916161912337,3.897404894776375,1,c1(nccc2c1non2)c1c(c2c(c(c3c(c2c2cc(c(c(c2)OC)OC)OC)n(cc3SC)C)c2cc(c(c(c2)OC)OC)OC)n1C)SC
3466,3.1913241415517657,1.3847108291287007,1,c1(nccc2c1nn(n2)C)c1cc(c(n1C)c1c(ccn1C)SC)SC
3468,3.1752150010253413,2.52859758686544,1,c1(nccc2c1nn(n2)C)c1ccc(n1C)c1cccn1C
3470,3.2650942090638257,3.2727877192312262,1,c1(nccc2c1nn(n2)C)c1cc(c(n1C)c1c(ccn1C)F)F
3472,2.867481436475772,2.7318324729928523,1,c1(nccc2c1nn(n2)C)c1cc(c(n1C)c1c(ccn1C)OC)OC
3473,3.301230929704185,2.6773628687220654,1,c1(nccc2c1nn(n2)C)c1cc(c(n1C)c1c(ccn1C)C)C
3479,2.7119683653465123,3.5113145406836166,1,c1(nccc2c1nn(n2)C)c1c(c2c(c(c3c(c2C)n(cc3F)C)C)n1C)F
3492,2.5362100230151245,3.0557389591660518,1,c1(nccc2c1nn(n2)C)c1c(c2c(c(c3c(c2c2cc(c(c(c2)C)C)C)n(cc3C)C)c2cc(c(c(c2)C)C)C)n1C)C
3498,2.459283434724239,3.1416618899841606,1,c1(nccc2c1nn(n2)C)c1c(c2c(c(c3c(c2c2cc(c(c(c2)C)C)C)n(cc3SC)C)c2cc(c(c(c2)C)C)C)n1C)SC
3499,2.906366507104592,3.652166782590679,1,c1(nccc2c1nn(n2)C)c1cc2c(c(c3c(c2c2cc(c(c(c2)F)F)F)n(cc3)C)c2cc(c(c(c2)F)F)F)n1C
3500,1.9764173897218416,1.6580808139146803,1,c1(nccc2c1nsn2)c1c(c2c(c(c3c(c2OC)n(cc3F)C)OC)n1C)F
3504,2.527992184435765,3.0470093070046884,1,c1(nccc2c1nn(n2)C)c1c(c2c(c(c3c(c2c2ccccc2)n(cc3OC)C)c2ccccc2)n1C)OC
3505,2.5115020845049987,3.2506810137252327,1,c1(nccc2c1nn(n2)C)c1c(c2c(c(c3c(c2c2ccccc2)n(cc3SC)C)c2ccccc2)n1C)SC
3506,2.5805645822348424,5.457906482955047,1,c1(nccc2c1nn(n2)C)c1c(c2c(c(c3c(c2c2cc(c(c(c2)OC)OC)OC)n(cc3C)C)c2cc(c(c(c2)OC)OC)OC)n1C)C
3507,2.7577923394115462,4.017078106617875,1,c1(nccc2c1nn(n2)C)c1cc2c(c(c3c(c2c2cc(c(c(c2)OC)OC)OC)n(cc3)C)c2cc(c(c(c2)OC)OC)OC)n1C
3509,2.4872023167852397,3.4088106418469653,1,c1(nccc2c1nn(n2)C)c1c(c2c(c(c3c(c2c2cc(c(c(c2)OC)OC)OC)n(cc3OC)C)c2cc(c(c(c2)OC)OC)OC)n1C)OC
3510,2.490222780633944,3.2752321629345342,1,c1(nccc2c1nn(n2)C)c1c(c2c(c(c3c(c2c2cc(c(c(c2)OC)OC)OC)n(cc3SC)C)c2cc(c(c(c2)OC)OC)OC)n1C)SC
3515,2.5772992159119195,3.5496402513697602,1,c1(nccc2c1nn(n2)C)c1c(c2c(c(c3c(c2c2cc(c(c(c2)SC)SC)SC)n(cc3OC)C)c2cc(c(c(c2)SC)SC)SC)n1C)OC
3519,1.8512450140097532,3.623500036030228,1,c1(nccc2c1non2)c1c(c2c(c(c3c(c2c2cc(c(c(c2)C)C)C)n(cc3C)C)c2cc(c(c(c2)C)C)C)n1C)C
3520,3.042586705542575,3.72852900509248,1,c12c(c(cnc1c1c(c(c(c3cc(c(s3)c3c(ccs3)SC)SC)n1C)C)C)c1c(c(cn1C)C)C)nn(n2)C
3521,2.6755867422319333,3.8192082348512097,1,c12c(c(cnc1c1c(c(c(c3cc(c(c4c(cco4)OC)o3)OC)n1C)C)C)c1c(c(cn1C)C)C)nn(n2)C
3524,1.669989971701442,3.4722322575417417,1,c1(nccc2c1non2)c1c(c2c(c(c3c(c2c2cc(c(c(c2)C)C)C)n(cc3SC)C)c2cc(c(c(c2)C)C)C)n1C)SC
3533,1.7475152104848646,1.86539129893297,1,c1(nccc2c1nsn2)c1c(c2c(c(c3c(c2c2cc(c(c(c2)C)C)C)n(cc3C)C)c2cc(c(c(c2)C)C)C)n1C)C
3535,2.0021321495148694,1.7937346601826505,1,c1(nccc2c1nsn2)c1c(c2c(c(c3c(c2c2cc(c(c(c2)C)C)C)n(cc3F)C)c2cc(c(c(c2)C)C)C)n1C)F
3539,1.6023152546588402,1.8915170294757488,1,c1(nccc2c1nsn2)c1c(c2c(c(c3c(c2c2cc(c(c(c2)C)C)C)n(cc3SC)C)c2cc(c(c(c2)C)C)C)n1C)SC
3542,1.7198412308980826,3.2732859567483485,1,c1(nccc2c1nsn2)c1c(c2c(c(c3c(c2c2cc(c(c(c2)C)C)C)n(cc3OC)C)c2cc(c(c(c2)C)C)C)n1C)OC
3549,1.9964449698357758,1.026458282426472,1,c1(nccc2c1nsn2)c1c(c2c(c(c3c(c2c2cc(c(c(c2)F)F)F)n(cc3C)C)c2cc(c(c(c2)F)F)F)n1C)C
3551,2.2494292257043185,1.8331743536237728,1,c1(nccc2c1nsn2)c1cc2c(c(c3c(c2c2cc(c(c(c2)F)F)F)n(cc3)C)c2cc(c(c(c2)F)F)F)n1C
3554,2.2583273489342868,1.4317187035889178,1,c1(nccc2c1nsn2)c1c(c2c(c(c3c(c2c2cc(c(c(c2)F)F)F)n(cc3F)C)c2cc(c(c(c2)F)F)F)n1C)F
3560,1.8329861739874025,1.3453181449527274,1,c1(nccc2c1nsn2)c1c(c2c(c(c3c(c2c2cc(c(c(c2)F)F)F)n(cc3SC)C)c2cc(c(c(c2)F)F)F)n1C)SC
3561,3.063348993079167,3.5881501027149247,1,c12c(c(cnc1c1c(c(c(n1C)c1c(c3c(c4c(c(c3s1)C)c(cs4)F)C)F)C)C)c1c(c(cn1C)C)C)nn(n2)C
3567,1.8057203651909852,1.6153027225831724,1,c1(nccc2c1nsn2)c1c(c2c(c(c3c(c2c2ccccc2)n(cc3C)C)c2ccccc2)n1C)C
3568,2.0634938249998163,2.29011806957981,1,c1(nccc2c1nsn2)c1cc2c(c(c3c(c2c2ccccc2)n(cc3)C)c2ccccc2)n1C
3573,1.661282328173645,1.7861190887011311,1,c1(nccc2c1nsn2)c1c(c2c(c(c3c(c2c2ccccc2)n(cc3SC)C)c2ccccc2)n1C)SC
3574,1.8068904547900335,4.8045683303236535,1,c1(nccc2c1nsn2)c1c(c2c(c(c3c(c2c2cc(c(c(c2)OC)OC)OC)n(cc3C)C)c2cc(c(c(c2)OC)OC)OC)n1C)C
3575,2.002703588621381,2.4480084927219448,1,c1(nccc2c1nsn2)c1cc2c(c(c3c(c2c2cc(c(c(c2)OC)OC)OC)n(cc3)C)c2cc(c(c(c2)OC)OC)OC)n1C
3577,2.0182140786552702,1.8139147067827488,1,c1(nccc2c1nsn2)c1c(c2c(c(c3c(c2c2cc(c(c(c2)OC)OC)OC)n(cc3F)C)c2cc(c(c(c2)OC)OC)OC)n1C)F
3580,1.753964308972639,4.067987857055249,1,c1(nccc2c1nsn2)c1c(c2c(c(c3c(c2c2cc(c(c(c2)OC)OC)OC)n(cc3OC)C)c2cc(c(c(c2)OC)OC)OC)n1C)OC
3583,2.616265920698813,2.9293301859671224,1,c12c(c(cnc1c1c(c(c(n1C)c1cc3c(c4c(c(c3n1C)C)ccn4C)C)C)C)c1c(c(cn1C)C)C)nn(n2)C
3586,2.831916154941924,2.852317278299624,1,c12c(c(cnc1c1c(c(c(n1C)c1c(c3c(c4c(c(c3n1C)F)c(cn4C)SC)F)SC)C)C)c1c(c(cn1C)C)C)nn(n2)C
3587,2.114950555971895,1.4686650175828435,1,c1(nccc2c1nsn2)c1c(c2c(c(c3c(c2c2cc(c(c(c2)SC)SC)SC)n(cc3F)C)c2cc(c(c(c2)SC)SC)SC)n1C)F
3588,3.0806826459766885,2.6750747193390656,1,c12c(c(cnc1c1c(c(c(n1C)c1c(c3c(c4c(c(c3s1)F)c(cs4)OC)F)OC)C)C)c1c(c(cn1C)C)C)nn(n2)C
3594,3.0543420243051003,4.383291383805871,1,c12c(c(cnc1c1c(c(c(n1C)c1c(c3c(c4c(c(c3s1)F)c(cs4)F)F)F)C)C)c1c(c(cn1C)C)C)nn(n2)C
3595,3.056927105977416,4.025210106127475,1,c12c(c(cnc1c1c(c(c(n1C)c1cc3c(c4c(c(c3s1)F)ccs4)F)C)C)c1c(c(cn1C)C)C)nn(n2)C
3597,2.60845625290982,2.4765313341750543,1,c12c(c(cnc1c1c(c(c(n1C)c1c(c3c(c4c(c(c3n1C)C)c(cn4C)SC)C)SC)C)C)c1c(c(cn1C)C)C)nn(n2)C
3598,3.141255191266929,2.9121920275496715,1,c12c(c(cnc1c1c(c(c(n1C)c1c(c3c(c4c(c(c3s1)C)c(cs4)SC)C)SC)C)C)c1c(c(cn1C)C)C)nn(n2)C
3599,3.150126103110874,3.4135945545389927,1,c12c(c(cnc1c1c(c(c(n1C)c1c(c3c(c4c(c(c3s1)F)c(cs4)C)F)C)C)C)c1c(c(cn1C)C)C)nn(n2)C
3602,2.971646622177049,3.811119545510577,1,c12c(c(cnc1c1c(c(c(n1C)c1c(c3c(c4c(c(c3n1C)F)c(cn4C)F)F)F)C)C)c1c(c(cn1C)C)C)nn(n2)C
3603,3.0183413605948637,4.317930009734488,1,c12c(c(cnc1c1c(c(c(n1C)c1cc3c(c4c(c(c3o1)F)cco4)F)C)C)c1c(c(cn1C)C)C)nn(n2)C
3604,2.730009514280668,3.3366425176934804,1,c12c(c(cnc1c1c(c(c(n1C)c1c(c3c(c4c(c(c3n1C)F)c(cn4C)OC)F)OC)C)C)c1c(c(cn1C)C)C)nn(n2)C
3605,3.0711314494821362,3.871326315264168,1,c12c(c(cnc1c1c(c(c(n1C)c1c(c3cc4c(cc3s1)c(cs4)F)F)C)C)c1c(c(cn1C)C)C)nn(n2)C
3606,2.8292766504975604,4.430364610022965,1,c12c(c(cnc1c1c(c(c(c3ccc(c4ccco4)o3)n1C)C)C)c1c(c(cn1C)C)C)nn(n2)C
3609,2.1384884048829718,3.6213491875816946,1,c1(nccc2c1non2)c1cc2c(c(c3c(c2c2ccccc2)n(cc3)C)c2ccccc2)n1C
3610,2.1436313568415786,2.9454569060050915,1,c1(nccc2c1non2)c1c(c2c(c(c3c(c2c2ccccc2)n(cc3F)C)c2ccccc2)n1C)F
3611,1.8707011550171757,2.4168714085184178,1,c1(nccc2c1non2)c1c(c2c(c(c3c(c2c2cc(c(c(c2)F)F)F)n(cc3SC)C)c2cc(c(c(c2)F)F)F)n1C)SC
3617,1.9021303058753196,4.907959104798052,1,c1(nccc2c1non2)c1c(c2c(c(c3c(c2c2ccccc2)n(cc3OC)C)c2ccccc2)n1C)OC
3623,1.7169296125934763,3.2334749712635897,1,c1(nccc2c1non2)c1c(c2c(c(c3c(c2c2ccccc2)n(cc3SC)C)c2ccccc2)n1C)SC
3626,2.104691863440709,3.6206938061468,1,c1(nccc2c1non2)c1c(c2c(c(c3c(c2c2cc(c(c(c2)OC)OC)OC)n(cc3F)C)c2cc(c(c(c2)OC)OC)OC)n1C)F
3628,2.9391834386499798,4.2314186871770545,1,c12c(c(cnc1c1c(c(c(c3ccc(s3)c3cccs3)n1C)C)C)c1c(c(cn1C)C)C)nn(n2)C
3629,2.0749226071300515,3.895445465587645,1,c1(nccc2c1non2)c1cc2c(c(c3c(c2c2cc(c(c(c2)OC)OC)OC)n(cc3)C)c2cc(c(c(c2)OC)OC)OC)n1C
3630,1.9128515919689195,7.665634932144729,1,c1(nccc2c1non2)c1c(c2c(c(c3c(c2c2cc(c(c(c2)OC)OC)OC)n(cc3OC)C)c2cc(c(c(c2)OC)OC)OC)n1C)OC
3633,1.9748663407184528,5.2892032141676015,1,c1(nccc2c1non2)c1c(c2c(c(c3c(c2c2cc(c(c(c2)SC)SC)SC)n(cc3C)C)c2cc(c(c(c2)SC)SC)SC)n1C)C
3634,3.1189418547269487,2.978669569774496,1,c12c(c(cnc1c1c(c(c(n1C)c1c(c3c(c4c(c(c3s1)C)c(cs4)C)C)C)C)C)c1c(c(cn1C)C)C)nn(n2)C
3635,2.6037214717415798,4.339902051522458,1,c12c(c(cnc1c1c(c(c(c3cc(c(c4c(cco4)SC)o3)SC)n1C)C)C)c1c(c(cn1C)C)C)nn(n2)C
3636,1.999411010912432,7.862070071470255,1,c1(nccc2c1non2)c1c(c2c(c(c3c(c2c2cc(c(c(c2)SC)SC)SC)n(cc3OC)C)c2cc(c(c(c2)SC)SC)SC)n1C)OC
3637,1.7519506664068365,2.851075544161956,1,c1(nccc2c1non2)c1c(c2c(c(c3c(c2c2cc(c(c(c2)SC)SC)SC)n(cc3SC)C)c2cc(c(c(c2)SC)SC)SC)n1C)SC
3639,2.7539011112100624,4.510996222632427,1,c12c(c(cnc1c1c(c(c(c3cc(c(c4c(cco4)C)o3)C)n1C)C)C)c1c(c(cn1C)C)C)nn(n2)C
3641,2.8309909678170952,4.277713987732802,1,c12c(c(cnc1c1c(c(c(c3cc(c(c4c(cco4)F)o3)F)n1C)C)C)c1c(c(cn1C)C)C)nn(n2)C
3642,1.951328491807375,1.945446997098028,1,c1(nccc2c1nsn2)c1c(c2c(c(c3c(c2c2cc(c(c(c2)F)F)F)n(cc3OC)C)c2cc(c(c(c2)F)F)F)n1C)OC
3644,2.070187825961811,1.639230831878487,1,c1(nccc2c1nsn2)c1c(c2c(c(c3c(c2c2ccccc2)n(cc3F)C)c2ccccc2)n1C)F
3645,1.7800328167839832,2.9684686898896278,1,c1(nccc2c1nsn2)c1c(c2c(c(c3c(c2c2ccccc2)n(cc3OC)C)c2ccccc2)n1C)OC
3654,1.658506766799159,2.7803319930069894,1,c1(nccc2c1nsn2)c1c(c2c(c(c3c(c2c2cc(c(c(c2)OC)OC)OC)n(cc3SC)C)c2cc(c(c(c2)OC)OC)OC)n1C)SC
3656,1.8898851821643532,4.237856508229337,1,c1(nccc2c1nsn2)c1c(c2c(c(c3c(c2c2cc(c(c(c2)SC)SC)SC)n(cc3C)C)c2cc(c(c(c2)SC)SC)SC)n1C)C
3657,2.4961548627872565,2.6425948573719538,1,c12c(c(cnc1c1c(c(c(n1C)c1c(c3c(c4c(c(c3n1C)C)c(cn4C)OC)C)OC)C)C)c1c(c(cn1C)C)C)nn(n2)C
3660,2.708757421795637,2.8778445605885565,1,c12c(c(cnc1c1c(c(c(n1C)c1c(c3cc4c(cc3n1C)c(cn4C)C)C)C)C)c1c(c(cn1C)C)C)nn(n2)C
3662,2.9025841244472046,3.4742504274919157,1,c12c(c(cnc1c1c(c(c(n1C)c1c(c3cc4c(cc3n1C)c(cn4C)F)F)C)C)c1c(c(cn1C)C)C)nn(n2)C
3669,3.025470743733248,3.6373140117880607,1,c12c(c(cnc1c1c(c(c(n1C)c1cc3c(c4c(c(c3s1)SC)ccs4)SC)C)C)c1c(c(cn1C)C)C)nn(n2)C
3670,3.0088717982583835,4.46881843583112,1,c12c(c(cnc1c1c(c(c(n1C)c1c(c3c(c4c(c(c3s1)SC)c(cs4)F)SC)F)C)C)c1c(c(cn1C)C)C)nn(n2)C
3688,1.708847830944238,1.329149175279816,1,c1(nccc2c1nsn2)c1c(c2c(c(c3c(c2c2cc(c(c(c2)SC)SC)SC)n(cc3SC)C)c2cc(c(c(c2)SC)SC)SC)n1C)SC
3693,1.8244145873897255,2.475569116245948,1,c1(nccc2c1nsn2)c1c(c2c(c(c3c(c2c2cc(c(c(c2)SC)SC)SC)n(cc3OC)C)c2cc(c(c(c2)SC)SC)SC)n1C)OC
3698,3.0396750872379674,2.803683974365828,1,c12c(c(cnc1c1c(c(c(c3cc(c(c4c(ccn4C)C)n3C)C)n1C)C)C)c1c(c(cn1C)C)C)nn(n2)C
3699,3.023239410079249,4.7024389861215266,1,c12c(c(cnc1c1c(c(c(c3cc(c(s3)c3c(ccs3)C)C)n1C)C)C)c1c(c(cn1C)C)C)nn(n2)C
3700,3.146942370946024,2.2987189066068514,1,c12c(c(cnc1c1c(c(c(c3cc(c(c4c(ccn4C)F)n3C)F)n1C)C)C)c1c(c(cn1C)C)C)nn(n2)C
3702,2.948870692074654,4.205809928887561,1,c12c(c(cnc1c1c(c(c(c3cc(c(s3)c3c(ccs3)F)F)n1C)C)C)c1c(c(cn1C)C)C)nn(n2)C
3704,2.9187476877456784,5.3446958160841955,1,c12c(c(cnc1c1c(c(c(c3ccc(c4cccn4C)n3C)n1C)C)C)c1c(c(cn1C)C)C)nn(n2)C
3705,2.792731759066835,4.2960493033323885,1,c12c(c(cnc1c1c(c(c(c3cc(c(c4c(ccn4C)OC)n3C)OC)n1C)C)C)c1c(c(cn1C)C)C)nn(n2)C
3707,3.152874453099336,1.5666863343354056,1,c12c(c(cnc1c1c(c(c(c3cc(c(c4c(ccn4C)SC)n3C)SC)n1C)C)C)c1c(c(cn1C)C)C)nn(n2)C
3708,2.5789046876873574,3.0237992283221047,1,c12c(c(cnc1c1c(c(c(n1C)c1c(c3c(c4c(c(c3n1C)C)c(cn4C)C)C)C)C)C)c1c(c(cn1C)C)C)nn(n2)C
3709,2.755697062687671,3.1212368072441805,1,c12c(c(cnc1c1c(c(c(n1C)c1c(c3c(c4c(c(c3n1C)C)c(cn4C)F)C)F)C)C)c1c(c(cn1C)C)C)nn(n2)C
3711,2.9309383886845963,3.3667604779017446,1,c12c(c(cnc1c1c(c(c(n1C)c1cc3c(c4c(c(c3o1)C)cco4)C)C)C)c1c(c(cn1C)C)C)nn(n2)C
3712,3.0223686457264693,3.3149026706084865,1,c12c(c(cnc1c1c(c(c(n1C)c1cc3c(c4c(c(c3s1)C)ccs4)C)C)C)c1c(c(cn1C)C)C)nn(n2)C
3714,2.9714833538609033,3.0700107596853385,1,c12c(c(cnc1c1c(c(c(n1C)c1c(c3c(c4c(c(c3s1)C)c(cs4)OC)C)OC)C)C)c1c(c(cn1C)C)C)nn(n2)C
3715,2.96323830389552,4.564726046616406,1,c12c(c(cnc1c1c(c(c(n1C)c1cc3c(c4c(c(c3o1)SC)cco4)SC)C)C)c1c(c(cn1C)C)C)nn(n2)C
3717,3.1374455972235187,4.186165121201396,1,c12c(c(cnc1c1c(c(c(n1C)c1c(c3c(c4c(c(c3s1)SC)c(cs4)C)SC)C)C)C)c1c(c(cn1C)C)C)nn(n2)C
3719,3.1408470204765644,2.759669080520497,1,c12c(c(cnc1c1c(c(c(n1C)c1c(c3c(c4c(c(c3s1)F)c(cs4)SC)F)SC)C)C)c1c(c(cn1C)C)C)nn(n2)C
3749,2.304722762105832,2.220201255377324,1,c12c(c(cnc1c1c(c(c(s1)c1cc(c(c3c(ccn3C)C)n1C)C)C)C)c1c(c(cs1)C)C)nsn2
3757,3.0845194514061243,3.1490591864840765,1,c12c(c(cnc1c1c(c(c(n1C)c1c(c3cc4c(cc3s1)c(cs4)OC)OC)C)C)c1c(c(cn1C)C)C)nn(n2)C
3758,2.9682179875379795,3.628912221875376,1,c12c(c(cnc1c1c(c(c(n1C)c1cc3cc4c(cc3o1)cco4)C)C)c1c(c(cn1C)C)C)nn(n2)C
3759,2.613653627640473,3.3006133103241138,1,c12c(c(cnc1c1c(c(c(n1C)c1c(c3cc4c(cc3n1C)c(cn4C)OC)OC)C)C)c1c(c(cn1C)C)C)nn(n2)C
3761,2.7247305053919413,3.504316298499928,1,c12c(c(cnc1c1c(c(c(n1C)c1c(c3c(c4c(c(c3n1C)OC)c(cn4C)F)OC)F)C)C)c1c(c(cn1C)C)C)nn(n2)C
3763,3.0505868530337388,3.4601804198346384,1,c12c(c(cnc1c1c(c(c(n1C)c1cc3cc4c(cc3s1)ccs4)C)C)c1c(c(cn1C)C)C)nn(n2)C
3764,2.7776022284372868,2.955591388902125,1,c12c(c(cnc1c1c(c(c(n1C)c1c(c3cc4c(cc3n1C)c(cn4C)SC)SC)C)C)c1c(c(cn1C)C)C)nn(n2)C
3765,2.8236166822044915,2.9301799366860064,1,c12c(c(cnc1c1c(c(c(n1C)c1cc3cc4c(cc3n1C)ccn4C)C)C)c1c(c(cn1C)C)C)nn(n2)C
3766,2.559502969451983,3.0388447971781907,1,c12c(c(cnc1c1c(c(c(n1C)c1c(c3c(c4c(c(c3n1C)OC)c(cn4C)C)OC)C)C)C)c1c(c(cn1C)C)C)nn(n2)C
3768,3.1576364456535995,4.094046338014776,1,c12c(c(cnc1c1c(c(c(n1C)c1c(c3c(c4c(c(c3s1)OC)c(cs4)C)OC)C)C)C)c1c(c(cn1C)C)C)nn(n2)C
3769,3.068900115828138,4.320139550144219,1,c12c(c(cnc1c1c(c(c(n1C)c1c(c3c(c4c(c(c3s1)OC)c(cs4)F)OC)F)C)C)c1c(c(cn1C)C)C)nn(n2)C
3771,3.129771986364648,3.2595984677102776,1,c12c(c(cnc1c1c(c(c(n1C)c1c(c3cc4c(cc3s1)c(cs4)SC)SC)C)C)c1c(c(cn1C)C)C)nn(n2)C
3772,2.664130748715676,3.019434617386813,1,c12c(c(cnc1c1c(c(c(n1C)c1cc3c(c4c(c(c3n1C)OC)ccn4C)OC)C)C)c1c(c(cn1C)C)C)nn(n2)C
3778,2.8987473190177684,3.8962603416972095,1,c12c(c(cnc1c1c(c(c(n1C)c1cc3c(c4c(c(c3o1)OC)cco4)OC)C)C)c1c(c(cn1C)C)C)nn(n2)C
3779,2.5108762226264387,1.4026932915160686,1,c12c(c(cnc1c1c(c(c(n1C)c1c(c3c(c4c(c(c3n1C)OC)c(cn4C)OC)OC)OC)C)C)c1c(c(cn1C)C)C)nn(n2)C
3781,3.039375761991699,2.554762509072353,1,c12c(c(cnc1c1c(c(c(n1C)c1c(c3c(c4c(c(c3s1)OC)c(cs4)OC)OC)OC)C)C)c1c(c(cn1C)C)C)nn(n2)C
3782,2.6352594681438206,2.056838741371008,1,c12c(c(cnc1c1c(c(c(n1C)c1c(c3c(c4c(c(c3n1C)OC)c(cn4C)SC)OC)SC)C)C)c1c(c(cn1C)C)C)nn(n2)C
3784,3.139241548701128,2.7313985689938094,1,c12c(c(cnc1c1c(c(c(n1C)c1c(c3c(c4c(c(c3s1)OC)c(cs4)SC)OC)SC)C)C)c1c(c(cn1C)C)C)nn(n2)C
3785,2.8217935193408588,3.1915737361764185,1,c12c(c(cnc1c1c(c(c(n1C)c1c(c3c(c4c(c(c3n1C)SC)c(cn4C)C)SC)C)C)C)c1c(c(cn1C)C)C)nn(n2)C
3787,2.9010058640577925,3.6869215971826024,1,c12c(c(cnc1c1c(c(c(n1C)c1c(c3c(c4c(c(c3n1C)SC)c(cn4C)F)SC)F)C)C)c1c(c(cn1C)C)C)nn(n2)C
3788,2.6563755036987304,1.4589093301792126,1,c12c(c(cnc1c1c(c(c(n1C)c1c(c3c(c4c(c(c3n1C)SC)c(cn4C)OC)SC)OC)C)C)c1c(c(cn1C)C)C)nn(n2)C
3790,3.0322463788533147,2.8849312403837533,1,c12c(c(cnc1c1c(c(c(n1C)c1c(c3c(c4c(c(c3s1)SC)c(cs4)OC)SC)OC)C)C)c1c(c(cn1C)C)C)nn(n2)C
3791,2.8548553533604646,1.9719940771053688,1,c12c(c(cnc1c1c(c(c(n1C)c1c(c3c(c4c(c(c3n1C)SC)c(cn4C)SC)SC)SC)C)C)c1c(c(cn1C)C)C)nn(n2)C
3792,3.12149972501324,3.0488809551080047,1,c12c(c(cnc1c1c(c(c(n1C)c1c(c3c(c4c(c(c3s1)SC)c(cs4)SC)SC)SC)C)C)c1c(c(cn1C)C)C)nn(n2)C
3794,1.8801162945816061,2.4009909886416967,1,c12c(c(cnc1c1c(c(c(s1)c1cc(c(c3c(ccn3C)OC)n1C)OC)C)C)c1c(c(cs1)C)C)nsn2
3797,2.364506177201367,4.1016796410863625,1,c12c(c(cnc1c1c(c(c(s1)c1cc(c(c3c(ccn3C)SC)n1C)SC)C)C)c1c(c(cs1)C)C)nsn2
3800,2.3261381229070097,3.2541632586816376,1,c12c(c(cnc1c1c(c(c(s1)c1cc(c(c3c(ccn3C)F)n1C)F)C)C)c1c(c(cs1)C)C)nsn2
3801,2.194380591777023,2.376977766219251,1,c12c(c(cnc1c1c(c(c(s1)c1ccc(c3cccn3C)n1C)C)C)c1c(c(cs1)C)C)nsn2
3804,1.716439807645037,1.1599829573504412,1,c12c(c(cnc1c1c(c(c(s1)c1c(c3c(c4c(c(c3n1C)C)c(cn4C)C)C)C)C)C)c1c(c(cs1)C)C)nsn2
3805,2.900135099705012,5.123140043716498,1,c12c(c(cnc1c1ccc(c3cc(c(s3)c3c(ccs3)F)F)n1C)c1cccn1C)nn(n2)C
3808,1.61739036251634,2.576082662714187,1,c12c(c(cnc1c1c(c(c(s1)c1c(c3c(c4c(c(c3n1C)C)c(cn4C)OC)C)OC)C)C)c1c(c(cs1)C)C)nsn2
3814,1.977941227339207,0.7960579320104261,1,c12c(c(cnc1c1c(c(c(s1)c1c(c3c(c4c(c(c3n1C)C)c(cn4C)F)C)F)C)C)c1c(c(cs1)C)C)nsn2
3815,1.8339657838842789,1.4937286621711838,1,c12c(c(cnc1c1c(c(c(s1)c1cc3c(c4c(c(c3n1C)C)ccn4C)C)C)C)c1c(c(cs1)C)C)nsn2
3818,1.6607381004531572,1.919379067254118,1,c12c(c(cnc1c1c(c(c(s1)c1c(c3c(c4c(c(c3n1C)C)c(cn4C)SC)C)SC)C)C)c1c(c(cs1)C)C)nsn2
3820,1.8468911922458535,1.0505139657332416,1,c12c(c(cnc1c1c(c(c(s1)c1c(c3c(c4c(c(c3n1C)F)c(cn4C)C)F)C)C)C)c1c(c(cs1)C)C)nsn2
3821,2.148175658307648,1.1927247359750617,1,c12c(c(cnc1c1c(c(c(s1)c1c(c3c(c4c(c(c3n1C)F)c(cn4C)F)F)F)C)C)c1c(c(cs1)C)C)nsn2
3825,2.032554479090112,1.0050649464115589,1,c12c(c(cnc1c1c(c(c(s1)c1cc3c(c4c(c(c3n1C)F)ccn4C)F)C)C)c1c(c(cs1)C)C)nsn2
3827,1.8333671333917436,1.75964996410263,1,c12c(c(cnc1c1c(c(c(s1)c1c(c3c(c4c(c(c3n1C)F)c(cn4C)OC)F)OC)C)C)c1c(c(cs1)C)C)nsn2
3833,1.8144552201048076,1.240716949689219,1,c12c(c(cnc1c1c(c(c(s1)c1c(c3cc4c(cc3n1C)c(cn4C)C)C)C)C)c1c(c(cs1)C)C)nsn2
3836,2.0771539407840494,0.9138402228624982,1,c12c(c(cnc1c1c(c(c(s1)c1c(c3cc4c(cc3n1C)c(cn4C)F)F)C)C)c1c(c(cs1)C)C)nsn2
3838,1.9775602679348652,1.2773253882281386,1,c12c(c(cnc1c1c(c(c(s1)c1cc3cc4c(cc3n1C)ccn4C)C)C)c1c(c(cs1)C)C)nsn2
3839,2.8853593170937812,8.231718295715924,1,c12c(c(cnc1c1c(c(c(c3ccc(s3)c3cccs3)n1C)F)F)c1c(c(cn1C)F)F)nn(n2)C
3840,2.9013051893040602,8.04226712516251,1,c12c(c(cnc1c1c(c(c(c3cc(c(s3)c3c(ccs3)F)F)n1C)F)F)c1c(c(cn1C)F)F)nn(n2)C
3843,2.652810812129539,9.979791816961537,1,c12c(c(cnc1c1c(c(c(c3cc(c(c4c(cco4)C)o3)C)n1C)F)F)c1c(c(cn1C)F)F)nn(n2)C
3844,2.8739577463495705,11.050334066738694,1,c12c(c(cnc1c1c(c(c(c3cc(c(c4c(ccn4C)F)n3C)F)n1C)F)F)c1c(c(cn1C)F)F)nn(n2)C
3845,2.8848695121453423,5.159013339852209,1,c12c(c(cnc1c1ccc(c3ccc(s3)c3cccs3)n1C)c1cccn1C)nn(n2)C
3849,2.86560385084009,10.548414699480695,1,c12c(c(cnc1c1c(c(c(c3cc(c(c4c(ccn4C)C)n3C)C)n1C)F)F)c1c(c(cn1C)F)F)nn(n2)C
3850,2.7746361873606302,9.945013599729377,1,c12c(c(cnc1c1c(c(c(c3ccc(c4ccco4)o3)n1C)F)F)c1c(c(cn1C)F)F)nn(n2)C
3851,2.8087320540491625,5.398935575125736,1,c12c(c(cnc1c1ccc(c3cc(c(c4c(cco4)F)o3)F)n1C)c1cccn1C)nn(n2)C
3852,2.8168682584704485,9.714277268434918,1,c12c(c(cnc1c1c(c(c(c3cc(c(c4c(cco4)F)o3)F)n1C)F)F)c1c(c(cn1C)F)F)nn(n2)C
3855,3.0290898580744887,8.585481707000756,1,c12c(c(cnc1c1c(c(c(c3cc(c(s3)c3c(ccs3)C)C)n1C)F)F)c1c(c(cn1C)F)F)nn(n2)C
3857,1.698044910692564,3.10721336315304,1,c12c(c(cnc1c1c(c(c(s1)c1c(c3c(c4c(c(c3n1C)OC)c(cn4C)OC)OC)OC)C)C)c1c(c(cs1)C)C)nsn2
3858,2.7846499774175983,5.487278738585122,1,c12c(c(cnc1c1ccc(c3ccc(c4ccco4)o3)n1C)c1cccn1C)nn(n2)C
3875,1.9429201735258448,0.2639965607108236,1,c12c(c(cnc1c1c(c(c(s1)c1c(c3c(c4c(c(c3n1C)SC)c(cn4C)C)SC)C)C)C)c1c(c(cs1)C)C)nsn2
3891,1.8540477867702616,1.00298442025846,1,c12c(c(cnc1c1c(c(c(s1)c1c(c3c(c4c(c(c3n1C)F)c(cn4C)SC)F)SC)C)C)c1c(c(cs1)C)C)nsn2
3892,2.7619284700872497,10.902189280299703,1,c12c(c(cnc1c1c(c(c(c3ccc(c4cccn4C)n3C)n1C)F)F)c1c(c(cn1C)F)F)nn(n2)C
3893,2.4589568980919463,10.616150561910331,1,c12c(c(cnc1c1c(c(c(c3cc(c(c4c(ccn4C)OC)n3C)OC)n1C)F)F)c1c(c(cn1C)F)F)nn(n2)C
3894,2.553108293736257,9.3177197360317,1,c12c(c(cnc1c1c(c(c(c3cc(c(c4c(cco4)OC)o3)OC)n1C)F)F)c1c(c(cn1C)F)F)nn(n2)C
3895,2.496780724665816,8.194942444766184,1,c12c(c(cnc1c1c(c(c(c3cc(c(s3)c3c(ccs3)OC)OC)n1C)F)F)c1c(c(cn1C)F)F)nn(n2)C
3896,3.021470669987665,7.143069189018991,1,c12c(c(cnc1c1c(c(c(c3cc(c(s3)c3c(ccs3)SC)SC)n1C)F)F)c1c(c(cn1C)F)F)nn(n2)C
3898,2.719369862345141,3.942613015384567,1,c12c(c(cnc1c1ccc(c3cc(c(c4c(cco4)SC)o3)SC)n1C)c1cccn1C)nn(n2)C
3899,2.8919172611256534,9.951937541769118,1,c12c(c(cnc1c1c(c(c(n1C)c1cc3c(c4c(c(c3s1)C)ccs4)C)F)F)c1c(c(cn1C)F)F)nn(n2)C
3900,3.124629034406042,8.174621665467479,1,c12c(c(cnc1c1c(c(c(n1C)c1c(c3c(c4c(c(c3s1)F)c(cs4)C)F)C)F)F)c1c(c(cn1C)F)F)[N]N([N]2)C
3901,2.9335234703569113,8.224754203794133,1,c12c(c(cnc1c1c(c(c(n1C)c1c(c3c(c4c(c(c3s1)C)c(cs4)C)C)C)F)F)c1c(c(cn1C)F)F)[N]N([N]2)C
3902,2.805820435744555,10.164208578967077,1,c12c(c(cnc1c1c(c(c(n1C)c1cc3c(c4c(c(c3o1)C)cco4)C)F)F)c1c(c(cn1C)F)F)nn(n2)C
3903,2.369349803913705,10.261662128818402,1,c12c(c(cnc1c1c(c(c(n1C)c1c(c3c(c4c(c(c3n1C)C)c(cn4C)C)C)C)F)F)c1c(c(cn1C)F)F)nn(n2)C
3904,3.03072254123595,8.23064726286174,1,c12c(c(cnc1c1c(c(c(n1C)c1c(c3c(c4c(c(c3s1)C)c(cs4)F)C)F)F)F)c1c(c(cn1C)F)F)[N]N([N]2)C
3906,2.6495182344205896,8.891974530281955,1,c12c(c(cnc1c1c(c(c(c3cc(c(c4c(cco4)SC)o3)SC)n1C)F)F)c1c(c(cn1C)F)F)nn(n2)C
3907,2.8460116529025448,8.71403819527729,1,c12c(c(cnc1c1c(c(c(n1C)c1c(c3c(c4c(c(c3s1)C)c(cs4)OC)C)OC)F)F)c1c(c(cn1C)F)F)[N]N([N]2)C
3908,2.294137532942354,11.249547981046023,1,c12c(c(cnc1c1c(c(c(n1C)c1c(c3c(c4c(c(c3n1C)C)c(cn4C)SC)C)SC)F)F)c1c(c(cn1C)F)F)nn(n2)C
3909,2.535910697768857,10.113406524443887,1,c12c(c(cnc1c1c(c(c(n1C)c1c(c3c(c4c(c(c3n1C)F)c(cn4C)C)F)C)F)F)c1c(c(cn1C)F)F)nn(n2)C
3910,2.7128935524713413,10.115850176988026,1,c12c(c(cnc1c1c(c(c(n1C)c1c(c3c(c4c(c(c3n1C)F)c(cn4C)F)F)F)F)F)c1c(c(cn1C)F)F)nn(n2)C
3911,2.9625035964728617,8.439441506971681,1,c12c(c(cnc1c1c(c(c(n1C)c1c(c3c(c4c(c(c3s1)C)c(cs4)SC)C)SC)F)F)c1c(c(cn1C)F)F)[N]N([N]2)C
3912,2.9827488676749905,9.9913978088956,1,c12c(c(cnc1c1c(c(c(n1C)c1cc3c(c4c(c(c3o1)F)cco4)F)F)F)c1c(c(cn1C)F)F)nn(n2)C
3913,2.5640744823040764,5.965300586925398,1,c12c(c(cnc1c1ccc(c3cc(c(c4c(ccn4C)OC)n3C)OC)n1C)c1cccn1C)nn(n2)C
3914,3.1178261878999503,8.243698639982254,1,c12c(c(cnc1c1c(c(c(n1C)c1c(c3c(c4c(c(c3s1)F)c(cs4)F)F)F)F)F)c1c(c(cn1C)F)F)[N]N([N]2)C
3915,2.6705798472034497,10.10061378809184,1,c12c(c(cnc1c1c(c(c(n1C)c1cc3c(c4c(c(c3n1C)F)ccn4C)F)F)F)c1c(c(cn1C)F)F)nn(n2)C
3916,3.0068309443065555,9.769009811951877,1,c12c(c(cnc1c1c(c(c(n1C)c1cc3c(c4c(c(c3s1)F)ccs4)F)F)F)c1c(c(cn1C)F)F)nn(n2)C
3917,2.5230397121793304,11.637797801812795,1,c12c(c(cnc1c1c(c(c(n1C)c1c(c3c(c4c(c(c3n1C)F)c(cn4C)OC)F)OC)F)F)c1c(c(cn1C)F)F)nn(n2)C
3918,2.510576897380171,11.54929810217176,1,c12c(c(cnc1c1c(c(c(n1C)c1c(c3c(c4c(c(c3n1C)F)c(cn4C)SC)F)SC)F)F)c1c(c(cn1C)F)F)nn(n2)C
3922,3.0535256827243704,9.014972063822936,1,c12c(c(cnc1c1c(c(c(n1C)c1c(c3c(c4c(c(c3s1)F)c(cs4)OC)F)OC)F)F)c1c(c(cn1C)F)F)[N]N([N]2)C
3923,3.1571738520911854,8.74348691812326,1,c12c(c(cnc1c1c(c(c(n1C)c1c(c3c(c4c(c(c3s1)F)c(cs4)SC)F)SC)F)F)c1c(c(cn1C)F)F)[N]N([N]2)C
3924,2.4818416737384386,10.334395695969278,1,c12c(c(cnc1c1c(c(c(n1C)c1c(c3cc4c(cc3n1C)c(cn4C)C)C)F)F)c1c(c(cn1C)F)F)nn(n2)C
3925,2.6156672702062767,4.429407923594731,1,c12c(c(cnc1c1ccc(c3cc(c(c4c(cco4)OC)o3)OC)n1C)c1cccn1C)nn(n2)C
3927,3.0883562568355605,10.060703892603806,1,c12c(c(cnc1c1c(c(c(n1C)c1c(c3cc4c(cc3s1)c(cs4)F)F)F)F)c1c(c(cn1C)F)F)nn(n2)C
3928,2.5991499588894857,10.370376138328293,1,c12c(c(cnc1c1c(c(c(n1C)c1cc3cc4c(cc3n1C)ccn4C)F)F)c1c(c(cn1C)F)F)nn(n2)C
3929,2.8862028700605364,10.134618510322717,1,c12c(c(cnc1c1c(c(c(n1C)c1cc3cc4c(cc3o1)cco4)F)F)c1c(c(cn1C)F)F)nn(n2)C
3930,2.9626668647890084,9.91743229919157,1,c12c(c(cnc1c1c(c(c(n1C)c1cc3cc4c(cc3s1)ccs4)F)F)c1c(c(cn1C)F)F)nn(n2)C
3931,2.3744655444862848,10.313405725878551,1,c12c(c(cnc1c1c(c(c(n1C)c1c(c3cc4c(cc3n1C)c(cn4C)OC)OC)F)F)c1c(c(cn1C)F)F)nn(n2)C
3932,2.945360423277511,9.956149116724006,1,c12c(c(cnc1c1c(c(c(n1C)c1c(c3cc4c(cc3s1)c(cs4)OC)OC)F)F)c1c(c(cn1C)F)F)nn(n2)C
3934,3.0847915652663684,9.838638925625169,1,c12c(c(cnc1c1c(c(c(n1C)c1c(c3cc4c(cc3s1)c(cs4)SC)SC)F)F)c1c(c(cn1C)F)F)nn(n2)C
3935,2.3439615807529703,9.489648272234176,1,c12c(c(cnc1c1c(c(c(n1C)c1c(c3c(c4c(c(c3n1C)OC)c(cn4C)C)OC)C)F)F)c1c(c(cn1C)F)F)nn(n2)C
3938,2.9642995479504712,8.155815715693125,1,c12c(c(cnc1c1c(c(c(n1C)c1c(c3c(c4c(c(c3s1)OC)c(cs4)C)OC)C)F)F)c1c(c(cn1C)F)F)[N]N([N]2)C
3939,2.4587664183897755,8.618465905152979,1,c12c(c(cnc1c1c(c(c(n1C)c1c(c3c(c4c(c(c3n1C)OC)c(cn4C)F)OC)F)F)F)c1c(c(cn1C)F)F)nn(n2)C
3941,3.0266408333322947,8.200041194663273,1,c12c(c(cnc1c1c(c(c(n1C)c1c(c3c(c4c(c(c3s1)OC)c(cs4)F)OC)F)F)F)c1c(c(cn1C)F)F)[N]N([N]2)C
3943,2.2875251661384324,11.205076192349873,1,c12c(c(cnc1c1c(c(c(n1C)c1c(c3c(c4c(c(c3n1C)OC)c(cn4C)OC)OC)OC)F)F)c1c(c(cn1C)F)F)nn(n2)C
3945,2.7816839363409414,9.786686601504963,1,c12c(c(cnc1c1c(c(c(n1C)c1cc3c(c4c(c(c3o1)OC)cco4)OC)F)F)c1c(c(cn1C)F)F)nn(n2)C
3946,2.3602067782095166,10.866688723852501,1,c12c(c(cnc1c1c(c(c(n1C)c1c(c3c(c4c(c(c3n1C)OC)c(cn4C)SC)OC)SC)F)F)c1c(c(cn1C)F)F)nn(n2)C
3948,2.9557279613527943,10.990530587832891,1,c12c(c(cnc1c1c(c(c(n1C)c1cc3c(c4c(c(c3s1)SC)ccs4)SC)F)F)c1c(c(cn1C)F)F)nn(n2)C
3949,2.906720255122909,4.888656173133231,1,c12c(c(cnc1c1ccc(n1C)c1cc3c(c4c(c(c3s1)C)ccs4)C)c1cccn1C)nn(n2)C
3950,3.000653959679025,9.07086097128998,1,c12c(c(cnc1c1c(c(c(n1C)c1c(c3c(c4c(c(c3s1)OC)c(cs4)SC)OC)SC)F)F)c1c(c(cn1C)F)F)[N]N([N]2)C
3951,3.0913495092982406,8.62400804637713,1,c12c(c(cnc1c1c(c(c(n1C)c1c(c3c(c4c(c(c3s1)SC)c(cs4)C)SC)C)F)F)c1c(c(cn1C)F)F)[N]N([N]2)C
3954,2.422575274977367,10.62247177514926,1,c12c(c(cnc1c1c(c(c(n1C)c1c(c3c(c4c(c(c3n1C)SC)c(cn4C)OC)SC)OC)F)F)c1c(c(cn1C)F)F)nn(n2)C
3957,2.894964936360383,9.598588342224062,1,c12c(c(cnc1c1c(c(c(n1C)c1cc3c(c4c(c(c3o1)SC)cco4)SC)F)F)c1c(c(cn1C)F)F)nn(n2)C
3958,3.0434302585093302,8.024551689146946,1,c12c(c(cnc1c1c(c(c(n1C)c1c(c3c(c4c(c(c3s1)SC)c(cs4)F)SC)F)F)F)c1c(c(cn1C)F)F)[N]N([N]2)C
3959,2.5257336393957432,10.129864605743665,1,c12c(c(cnc1c1c(c(c(n1C)c1c(c3c(c4c(c(c3n1C)SC)c(cn4C)SC)SC)SC)F)F)c1c(c(cn1C)F)F)nn(n2)C
3960,3.0849548335825148,8.761551212913332,1,c12c(c(cnc1c1c(c(c(n1C)c1c(c3c(c4c(c(c3s1)SC)c(cs4)SC)SC)SC)F)F)c1c(c(cn1C)F)F)[N]N([N]2)C
3986,2.8931417734967497,5.111447694769532,1,c12c(c(cnc1c1ccc(n1C)c1cc3c(c4c(c(c3o1)C)cco4)C)c1cccn1C)nn(n2)C
3999,3.1081389344752752,5.421616471475406,1,c12c(c(cnc1c1ccc(n1C)c1c(c3c(c4c(c(c3s1)F)c(cs4)F)F)F)c1cccn1C)nn(n2)C
4004,2.4719367292255696,5.986087109397055,1,c12c(c(cnc1c1ccc(n1C)c1c(c3c(c4c(c(c3n1C)C)c(cn4C)OC)C)OC)c1cccn1C)[N]N([N]2)C
4016,3.0156202219924277,5.3093817678919715,1,c12c(c(cnc1c1ccc(n1C)c1cc3c(c4c(c(c3o1)F)cco4)F)c1cccn1C)nn(n2)C
4023,2.6583619348785095,5.365503785323352,1,c12c(c(cnc1c1ccc(n1C)c1c(c3c(c4c(c(c3n1C)F)c(cn4C)C)F)C)c1cccn1C)[N]N([N]2)C
4045,2.087603113017406,5.949012618867473,1,c12c(c(cnc1c1c(c(c(s1)c1cc(c(c3c(ccn3C)C)n1C)C)F)F)c1c(c(cs1)F)F)nsn2
4046,2.087249364999089,6.2705776958596156,1,c12c(c(cnc1c1c(c(c(s1)c1cc(c(c3c(ccn3C)F)n1C)F)F)F)c1c(c(cs1)F)F)nsn2
4053,2.8954275299227965,5.639698508097113,1,c12c(c(cnc1c1ccc(n1C)c1c(c3c(c4c(c(c3n1C)F)c(cn4C)F)F)F)c1cccn1C)[N]N([N]2)C
4054,1.6859086325256971,7.038020968083512,1,c12c(c(cnc1c1c(c(c(s1)c1cc(c(c3c(ccn3C)OC)n1C)OC)F)F)c1c(c(cs1)F)F)nsn2
4056,1.9824583174192507,6.373096860999892,1,c12c(c(cnc1c1c(c(c(s1)c1ccc(c3cccn3C)n1C)F)F)c1c(c(cs1)F)F)nsn2
4067,1.5411168474900383,6.735923417752331,1,c12c(c(cnc1c1c(c(c(s1)c1cc3c(c4c(c(c3n1C)C)ccn4C)C)F)F)c1c(c(cs1)F)F)nsn2
4068,1.4317814984441308,7.904506542918165,1,c12c(c(cnc1c1c(c(c(s1)c1c(c3c(c4c(c(c3n1C)C)c(cn4C)OC)C)OC)F)F)c1c(c(cs1)F)F)nsn2
4070,1.3908011510914338,6.5993547355951865,1,c12c(c(cnc1c1c(c(c(s1)c1c(c3c(c4c(c(c3n1C)C)c(cn4C)SC)C)SC)F)F)c1c(c(cs1)F)F)nsn2
4072,1.8097476503225918,5.512047144618204,1,c12c(c(cnc1c1c(c(c(s1)c1c(c3c(c4c(c(c3n1C)F)c(cn4C)F)F)F)F)F)c1c(c(cs1)F)F)nsn2
4073,3.1332006210037178,5.101410630905047,1,c12c(c(cnc1c1ccc(n1C)c1c(c3c(c4c(c(c3s1)F)c(cs4)C)F)C)c1cccn1C)nn(n2)C
4074,1.5963559611195048,7.026532494369304,1,c12c(c(cnc1c1c(c(c(s1)c1c(c3c(c4c(c(c3n1C)F)c(cn4C)OC)F)OC)F)F)c1c(c(cs1)F)F)nsn2
4079,1.7222902556402766,5.687714629614546,1,c12c(c(cnc1c1c(c(c(s1)c1cc3c(c4c(c(c3n1C)F)ccn4C)F)F)F)c1c(c(cs1)F)F)nsn2
4083,1.5078645337682626,6.834798082859228,1,c12c(c(cnc1c1c(c(c(s1)c1c(c3c(c4c(c(c3n1C)F)c(cn4C)SC)F)SC)F)F)c1c(c(cs1)F)F)nsn2
4085,1.5042182080409967,7.03346173062178,1,c12c(c(cnc1c1c(c(c(s1)c1c(c3cc4c(cc3n1C)c(cn4C)SC)SC)F)F)c1c(c(cs1)F)F)nsn2
4088,1.563892777592434,6.1373306645605,1,c12c(c(cnc1c1c(c(c(s1)c1c(c3cc4c(cc3n1C)c(cn4C)C)C)F)F)c1c(c(cs1)F)F)nsn2
4091,1.714698278939478,6.249021279607162,1,c12c(c(cnc1c1c(c(c(s1)c1cc3cc4c(cc3n1C)ccn4C)F)F)c1c(c(cs1)F)F)nsn2
4096,1.796278014240531,5.835083380122316,1,c12c(c(cnc1c1c(c(c(s1)c1c(c3cc4c(cc3n1C)c(cn4C)F)F)F)F)c1c(c(cs1)F)F)nsn2
4100,2.9894156572509614,5.099537025161994,1,c12c(c(cnc1c1ccc(n1C)c1cc3c(c4c(c(c3s1)F)ccs4)F)c1cccn1C)nn(n2)C
4104,1.5813080646480302,7.433632119846896,1,c12c(c(cnc1c1c(c(c(s1)c1c(c3c(c4c(c(c3n1C)OC)c(cn4C)F)OC)F)F)F)c1c(c(cs1)F)F)nsn2
4108,1.415563512373608,7.809524748232085,1,c12c(c(cnc1c1c(c(c(s1)c1c(c3c(c4c(c(c3n1C)OC)c(cn4C)OC)OC)OC)F)F)c1c(c(cs1)F)F)nsn2
4110,1.5196198525307891,7.466307325346893,1,c12c(c(cnc1c1c(c(c(s1)c1cc3c(c4c(c(c3n1C)OC)ccn4C)OC)F)F)c1c(c(cs1)F)F)nsn2
4112,2.6945530782909177,6.047596437316512,1,c12c(c(cnc1c1ccc(n1C)c1c(c3c(c4c(c(c3n1C)F)c(cn4C)OC)F)OC)c1cccn1C)[N]N([N]2)C
4115,3.102016372619792,5.10940492586915,1,c12c(c(cnc1c1ccc(n1C)c1c(c3cc4c(cc3s1)c(cs4)C)C)c1cccn1C)nn(n2)C
4117,3.1036218443952297,5.352461978722468,1,c12c(c(cnc1c1ccc(n1C)c1c(c3c(c4c(c(c3s1)F)c(cs4)SC)F)SC)c1cccn1C)nn(n2)C
4119,2.621381661271394,5.419438951976897,1,c12c(c(cnc1c1ccc(n1C)c1c(c3cc4c(cc3n1C)c(cn4C)C)C)c1cccn1C)nn(n2)C
4122,3.0090350665745293,4.925453208375963,1,c12c(c(cnc1c1ccc(n1C)c1c(c3cc4c(cc3s1)c(cs4)F)F)c1cccn1C)nn(n2)C
4125,2.815915859959595,6.20204045590683,1,c12c(c(cnc1c1ccc(c3ccc(c4cccn4C)n3C)n1C)c1cccn1C)nn(n2)C
4126,2.8857402764981224,6.511400554870321,1,c12c(c(cnc1c1ccc(c3cc(c(c4c(ccn4C)SC)n3C)SC)n1C)c1cccn1C)nn(n2)C
4129,1.8014481775851603,1.4657514999492052,1,c12c(c(cnc1c1c(c(c(s1)c1c(c3cc4c(cc3n1C)c(cn4C)SC)SC)C)C)c1c(c(cs1)C)C)nsn2
4130,1.755352089659882,2.243299731313567,1,c12c(c(cnc1c1c(c(c(s1)c1c(c3cc4c(cc3n1C)c(cn4C)OC)OC)C)C)c1c(c(cs1)C)C)nsn2
4131,1.6307511530543044,1.316325020824876,1,c12c(c(cnc1c1c(c(c(s1)c1c(c3c(c4c(c(c3n1C)OC)c(cn4C)C)OC)C)C)C)c1c(c(cs1)C)C)nsn2
4132,1.855680469931724,1.9126069488845236,1,c12c(c(cnc1c1c(c(c(s1)c1c(c3c(c4c(c(c3n1C)OC)c(cn4C)F)OC)F)C)C)c1c(c(cs1)C)C)nsn2
4140,1.8042237389596465,2.0327054666209547,1,c12c(c(cnc1c1c(c(c(s1)c1cc3c(c4c(c(c3n1C)OC)ccn4C)OC)C)C)c1c(c(cs1)C)C)nsn2
4143,2.5829047614329386,4.970406252450752,1,c12c(c(cnc1c1ccc(c3cc(c(s3)c3c(ccs3)OC)OC)n1C)c1cccn1C)nn(n2)C
4144,2.9443263906085844,5.161278145504248,1,c12c(c(cnc1c1ccc(n1C)c1cc3cc4c(cc3o1)cco4)c1cccn1C)nn(n2)C
4146,1.5969001888399914,1.0049606405816458,1,c12c(c(cnc1c1c(c(c(s1)c1c(c3c(c4c(c(c3n1C)OC)c(cn4C)SC)OC)SC)C)C)c1c(c(cs1)C)C)nsn2
4147,2.0592760601660403,2.402841230428411,1,c12c(c(cnc1c1c(c(c(s1)c1c(c3c(c4c(c(c3n1C)SC)c(cn4C)F)SC)F)C)C)c1c(c(cs1)C)C)nsn2
4148,2.073453192284735,2.186616829000558,1,c12c(c(cnc1c1c(c(c(s1)c1cc3c(c4c(c(c3n1C)SC)ccn4C)SC)C)C)c1c(c(cs1)C)C)nsn2
4149,1.87135422828176,2.0983750021822685,1,c12c(c(cnc1c1c(c(c(s1)c1c(c3c(c4c(c(c3n1C)SC)c(cn4C)OC)SC)OC)C)C)c1c(c(cs1)C)C)nsn2
4151,1.9480087027124016,1.7367154347985627,1,c12c(c(cnc1c1c(c(c(s1)c1c(c3c(c4c(c(c3n1C)SC)c(cn4C)SC)SC)SC)C)C)c1c(c(cs1)C)C)nsn2
4152,2.814364810956207,10.890380795418263,1,c12c(c(cnc1c1c(c(c(c3cc(c(c4c(ccn4C)SC)n3C)SC)n1C)F)F)c1c(c(cn1C)F)F)nn(n2)C
4153,2.481052543543732,10.560727233074306,1,c12c(c(cnc1c1c(c(c(n1C)c1c(c3c(c4c(c(c3n1C)C)c(cn4C)F)C)F)F)F)c1c(c(cn1C)F)F)nn(n2)C
4154,2.438031342239208,10.259163332458543,1,c12c(c(cnc1c1c(c(c(n1C)c1cc3c(c4c(c(c3n1C)C)ccn4C)C)F)F)c1c(c(cn1C)F)F)nn(n2)C
4155,2.3009675908344702,11.547472244631155,1,c12c(c(cnc1c1c(c(c(n1C)c1c(c3c(c4c(c(c3n1C)C)c(cn4C)OC)C)OC)F)F)c1c(c(cn1C)F)F)nn(n2)C
4156,3.078097564304373,10.210753792898736,1,c12c(c(cnc1c1c(c(c(n1C)c1c(c3cc4c(cc3s1)c(cs4)C)C)F)F)c1c(c(cn1C)F)F)nn(n2)C
4157,2.6479671854172007,10.399810291851562,1,c12c(c(cnc1c1c(c(c(n1C)c1c(c3cc4c(cc3n1C)c(cn4C)F)F)F)F)c1c(c(cn1C)F)F)nn(n2)C
4158,2.471800672295447,9.97656120262262,1,c12c(c(cnc1c1c(c(c(n1C)c1c(c3cc4c(cc3n1C)c(cn4C)SC)SC)F)F)c1c(c(cn1C)F)F)nn(n2)C
4160,2.4486165714026864,9.332313554371227,1,c12c(c(cnc1c1c(c(c(n1C)c1cc3c(c4c(c(c3n1C)OC)ccn4C)OC)F)F)c1c(c(cn1C)F)F)nn(n2)C
4161,2.8978493432789647,11.17769750569659,1,c12c(c(cnc1c1c(c(c(n1C)c1cc3c(c4c(c(c3s1)OC)ccs4)OC)F)F)c1c(c(cn1C)F)F)nn(n2)C
4163,2.8912369764750445,9.013647564632901,1,c12c(c(cnc1c1c(c(c(n1C)c1c(c3c(c4c(c(c3s1)OC)c(cs4)OC)OC)OC)F)F)c1c(c(cn1C)F)F)[N]N([N]2)C
4165,2.590768851993981,9.156340347559679,1,c12c(c(cnc1c1c(c(c(n1C)c1c(c3c(c4c(c(c3n1C)SC)c(cn4C)C)SC)C)F)F)c1c(c(cn1C)F)F)nn(n2)C
4166,2.6589877967570694,8.62839274687158,1,c12c(c(cnc1c1c(c(c(n1C)c1c(c3c(c4c(c(c3n1C)SC)c(cn4C)F)SC)F)F)F)c1c(c(cn1C)F)F)nn(n2)C
4167,2.7133289346477314,9.086453799736876,1,c12c(c(cnc1c1c(c(c(n1C)c1cc3c(c4c(c(c3n1C)SC)ccn4C)SC)F)F)c1c(c(cn1C)F)F)nn(n2)C
4169,2.9364623000475425,8.471048292336887,1,c12c(c(cnc1c1c(c(c(n1C)c1c(c3c(c4c(c(c3s1)SC)c(cs4)OC)SC)OC)F)F)c1c(c(cn1C)F)F)[N]N([N]2)C
4176,2.1175628490302345,2.671027557973375,1,c12c(c(cnc1c1ccc(s1)c1cc(c(c3c(ccn3C)C)n1C)C)c1cccs1)nsn2
4182,2.7476424924244576,5.367118306073023,1,c12c(c(cnc1c1ccc(n1C)c1cc3c(c4c(c(c3n1C)F)ccn4C)F)c1cccn1C)[N]N([N]2)C
4185,1.9785126664457184,7.166380290427456,1,c12c(c(cnc1c1c(c(c(s1)c1cc(c(c3c(ccn3C)SC)n1C)SC)F)F)c1c(c(cs1)F)F)nsn2
4186,1.376161425410325,6.692948817611833,1,c12c(c(cnc1c1c(c(c(s1)c1c(c3c(c4c(c(c3n1C)C)c(cn4C)C)C)C)F)F)c1c(c(cs1)F)F)nsn2
4187,1.6678402722055172,6.524682965865468,1,c12c(c(cnc1c1c(c(c(s1)c1c(c3c(c4c(c(c3n1C)C)c(cn4C)F)C)F)F)F)c1c(c(cs1)F)F)nsn2
4189,3.0259877600677108,6.521577286209563,1,c12c(c(cnc1c1ccc(n1C)c1c(c3c(c4c(c(c3s1)F)c(cs4)OC)F)OC)c1cccn1C)nn(n2)C
4190,1.534803805932385,5.532164728465288,1,c12c(c(cnc1c1c(c(c(s1)c1c(c3c(c4c(c(c3n1C)F)c(cn4C)C)F)C)F)F)c1c(c(cs1)F)F)nsn2
4191,2.9499319361296044,4.939192786283681,1,c12c(c(cnc1c1ccc(n1C)c1cc3cc4c(cc3s1)ccs4)c1cccn1C)nn(n2)C
4193,3.1162751388965613,4.54540481328988,1,c12c(c(cnc1c1ccc(n1C)c1c(c3cc4c(cc3s1)c(cs4)OC)OC)c1cccn1C)nn(n2)C
4194,1.5183681287736683,8.107664412351786,1,c12c(c(cnc1c1c(c(c(s1)c1c(c3cc4c(cc3n1C)c(cn4C)OC)OC)F)F)c1c(c(cs1)F)F)nsn2
4195,1.3617393908174096,7.021375645987827,1,c12c(c(cnc1c1c(c(c(s1)c1c(c3c(c4c(c(c3n1C)OC)c(cn4C)C)OC)C)F)F)c1c(c(cs1)F)F)nsn2
4198,1.4068558688458106,6.409663766676093,1,c12c(c(cnc1c1c(c(c(s1)c1c(c3c(c4c(c(c3n1C)OC)c(cn4C)SC)OC)SC)F)F)c1c(c(cs1)F)F)nsn2
4199,2.5734351990964592,5.8694719867086045,1,c12c(c(cnc1c1ccc(n1C)c1c(c3cc4c(cc3n1C)c(cn4C)OC)OC)c1cccn1C)nn(n2)C
4201,2.683586889723097,5.4165543505942235,1,c12c(c(cnc1c1ccc(n1C)c1cc3cc4c(cc3n1C)ccn4C)c1cccn1C)nn(n2)C
4203,2.693546257008016,5.465670513201848,1,c12c(c(cnc1c1ccc(n1C)c1c(c3cc4c(cc3n1C)c(cn4C)SC)SC)c1cccn1C)nn(n2)C
4205,3.026287085313978,5.910192950460817,1,c12c(c(cnc1c1ccc(n1C)c1c(c3c(c4c(c(c3s1)OC)c(cs4)F)OC)F)c1cccn1C)nn(n2)C
4206,2.922121899612701,4.830976218321094,1,c12c(c(cnc1c1ccc(n1C)c1cc3c(c4c(c(c3s1)OC)ccs4)OC)c1cccn1C)nn(n2)C
4207,2.881168763646028,6.423062967962518,1,c12c(c(cnc1c1ccc(n1C)c1c(c3c(c4c(c(c3s1)OC)c(cs4)OC)OC)OC)c1cccn1C)nn(n2)C
4209,2.4769436242540532,5.392113359918934,1,c12c(c(cnc1c1ccc(n1C)c1c(c3c(c4c(c(c3n1C)OC)c(cn4C)C)OC)C)c1cccn1C)[N]N([N]2)C
4210,2.6536271537102687,5.47872912277505,1,c12c(c(cnc1c1ccc(n1C)c1c(c3c(c4c(c(c3n1C)OC)c(cn4C)F)OC)F)c1cccn1C)[N]N([N]2)C
4212,2.885849122042219,5.500038675205789,1,c12c(c(cnc1c1ccc(n1C)c1cc3c(c4c(c(c3o1)OC)cco4)OC)c1cccn1C)nn(n2)C
4213,2.4601814104630426,6.147754339144564,1,c12c(c(cnc1c1ccc(n1C)c1c(c3c(c4c(c(c3n1C)OC)c(cn4C)OC)OC)OC)c1cccn1C)[N]N([N]2)C
4214,2.5852177292450103,5.873191343149888,1,c12c(c(cnc1c1ccc(n1C)c1c(c3c(c4c(c(c3n1C)OC)c(cn4C)SC)OC)SC)c1cccn1C)nn(n2)C
4217,2.9382310401391263,4.798847494243825,1,c12c(c(cnc1c1ccc(n1C)c1cc3c(c4c(c(c3s1)SC)ccs4)SC)c1cccn1C)nn(n2)C
4219,2.726553668255574,5.376106631569622,1,c12c(c(cnc1c1ccc(n1C)c1c(c3c(c4c(c(c3n1C)SC)c(cn4C)C)SC)C)c1cccn1C)[N]N([N]2)C
4221,3.109744406250712,5.948915087354847,1,c12c(c(cnc1c1ccc(n1C)c1c(c3c(c4c(c(c3s1)SC)c(cs4)C)SC)C)c1cccn1C)nn(n2)C
4222,2.9105570605523448,4.9598305651763805,1,c12c(c(cnc1c1ccc(n1C)c1cc3c(c4c(c(c3o1)SC)cco4)SC)c1cccn1C)nn(n2)C
4224,2.7704456339128773,5.387619417199347,1,c12c(c(cnc1c1ccc(n1C)c1cc3c(c4c(c(c3n1C)SC)ccn4C)SC)c1cccn1C)[N]N([N]2)C
4227,2.798010767955562,5.610171464109088,1,c12c(c(cnc1c1ccc(n1C)c1c(c3c(c4c(c(c3n1C)SC)c(cn4C)F)SC)F)c1cccn1C)[N]N([N]2)C
4228,3.123458944806994,5.148718919712524,1,c12c(c(cnc1c1ccc(n1C)c1c(c3c(c4c(c(c3s1)SC)c(cs4)SC)SC)SC)c1cccn1C)nn(n2)C
4231,2.7630713483002736,5.526623960289616,1,c12c(c(cnc1c1ccc(n1C)c1c(c3c(c4c(c(c3n1C)SC)c(cn4C)SC)SC)SC)c1cccn1C)nn(n2)C
4232,1.8474626313523648,2.688911419042441,1,c12c(c(cnc1c1ccc(o1)c1c(c3cc4c(cc3n1C)c(cn4C)C)C)c1ccco1)[N]O[N]2
4233,2.1219710935661817,3.169594421222397,1,c12c(c(cnc1c1ccc(s1)c1cc(c(c3c(ccn3C)F)n1C)F)c1cccs1)nsn2
4235,2.2075781139988413,4.154456100315012,1,c12c(c(cnc1c1ccc(c3cc(c(c4c(ccn4C)C)n3C)C)o1)c1ccco1)non2
4237,2.193020022475805,4.546517611334685,1,c12c(c(cnc1c1ccc(c3cc(c(c4c(ccn4C)F)n3C)F)o1)c1ccco1)non2
4243,1.900171086081564,4.5047119354419305,1,c12c(c(cnc1c1ccc(c3cc(c(c4c(ccn4C)OC)n3C)OC)o1)c1ccco1)non2
4244,2.0674938987453992,4.794273725253171,1,c12c(c(cnc1c1ccc(c3cc(c(c4c(ccn4C)SC)n3C)SC)o1)c1ccco1)non2
4245,1.724630434838371,2.6952297601253457,1,c12c(c(cnc1c1ccc(o1)c1c(c3c(c4c(c(c3n1C)C)c(cn4C)C)C)C)c1ccco1)[N]O[N]2
4248,1.6778540622624842,3.1522948631204155,1,c12c(c(cnc1c1ccc(o1)c1c(c3c(c4c(c(c3n1C)C)c(cn4C)OC)C)OC)c1ccco1)[N]O[N]2
4251,2.020037241518902,1.558800892394724,1,c12c(c(cnc1c1ccc(o1)c1c(c3c(c4c(c(c3n1C)C)c(cn4C)F)C)F)c1ccco1)[N]O[N]2
4252,1.7945092741489463,2.552949352018321,1,c12c(c(cnc1c1ccc(o1)c1cc3c(c4c(c(c3n1C)C)ccn4C)C)c1ccco1)[N]O[N]2
4257,1.6126555813481005,1.3918272405467471,1,c12c(c(cnc1c1ccc(o1)c1c(c3c(c4c(c(c3n1C)C)c(cn4C)SC)C)SC)c1ccco1)[N]O[N]2
4259,1.8355984670457413,2.0949099491977963,1,c12c(c(cnc1c1ccc(o1)c1c(c3c(c4c(c(c3n1C)F)c(cn4C)C)F)C)c1ccco1)[N]O[N]2
4263,2.078732201173462,1.942502346273556,1,c12c(c(cnc1c1ccc(o1)c1c(c3c(c4c(c(c3n1C)F)c(cn4C)F)F)F)c1ccco1)[N]O[N]2
4265,1.8315711819141347,1.9566165767806387,1,c12c(c(cnc1c1ccc(o1)c1c(c3c(c4c(c(c3n1C)F)c(cn4C)OC)F)OC)c1ccco1)[N]O[N]2
4269,1.7455015679190606,0.970199588511182,1,c12c(c(cnc1c1ccc(o1)c1c(c3c(c4c(c(c3n1C)F)c(cn4C)SC)F)SC)c1ccco1)[N]O[N]2
4275,2.057017515126017,2.022275670566393,1,c12c(c(cnc1c1ccc(o1)c1c(c3cc4c(cc3n1C)c(cn4C)F)F)c1ccco1)[N]O[N]2
4276,1.9233823983603495,2.5627681774922983,1,c12c(c(cnc1c1ccc(o1)c1cc3cc4c(cc3n1C)ccn4C)c1ccco1)[N]O[N]2
4279,1.7351340298437767,2.8639648856416167,1,c12c(c(cnc1c1ccc(o1)c1c(c3cc4c(cc3n1C)c(cn4C)OC)OC)c1ccco1)[N]O[N]2
4294,2.037234837486302,2.7826256637646645,1,c12c(c(cnc1c1ccc(s1)c1ccc(c3cccn3C)n1C)c1cccs1)nsn2
4296,1.92855256170498,3.101644592092235,1,c12c(c(cnc1c1ccc(s1)c1cc(c(c3c(ccn3C)SC)n1C)SC)c1cccs1)nsn2
4299,1.7843594271618577,3.7846510606037986,1,c12c(c(cnc1c1ccc(s1)c1cc(c(c3c(ccn3C)OC)n1C)OC)c1cccs1)nsn2
4300,1.889830759392305,1.9746414494731732,1,c12c(c(cnc1c1ccc(s1)c1c(c3c(c4c(c(c3n1C)C)c(cn4C)F)C)F)c1cccs1)nsn2
4302,1.7618828223057308,1.194571457397647,1,c12c(c(cnc1c1ccc(s1)c1c(c3c(c4c(c(c3n1C)OC)c(cn4C)F)OC)F)c1cccs1)nsn2
4305,1.9627844853236331,2.5477404518078504,1,c12c(c(cnc1c1ccc(o1)c1cc3c(c4c(c(c3n1C)SC)ccn4C)SC)c1ccco1)[N]O[N]2
4311,1.7924412088110948,7.401084677367892,1,c12c(c(cnc1c1c(c(c(s1)c1cc3c(c4c(c(c3n1C)SC)ccn4C)SC)F)F)c1c(c(cs1)F)F)nsn2
4313,1.7859921103233196,7.47936178359008,1,c12c(c(cnc1c1c(c(c(s1)c1c(c3c(c4c(c(c3n1C)SC)c(cn4C)F)SC)F)F)F)c1c(c(cs1)F)F)nsn2
4314,1.5881381225401454,6.8579668132500124,1,c12c(c(cnc1c1c(c(c(s1)c1c(c3c(c4c(c(c3n1C)SC)c(cn4C)C)SC)C)F)F)c1c(c(cs1)F)F)nsn2
4317,1.5341779440538257,7.334272176897241,1,c12c(c(cnc1c1c(c(c(s1)c1c(c3c(c4c(c(c3n1C)SC)c(cn4C)OC)SC)OC)F)F)c1c(c(cs1)F)F)nsn2
4322,1.5466951816250345,5.770356046357683,1,c12c(c(cnc1c1c(c(c(s1)c1c(c3c(c4c(c(c3n1C)SC)c(cn4C)SC)SC)SC)F)F)c1c(c(cs1)F)F)nsn2
4323,1.8522790466786785,3.0984903740854906,1,c12c(c(cnc1c1ccc(o1)c1c(c3c(c4c(c(c3n1C)SC)c(cn4C)OC)SC)OC)c1ccco1)[N]O[N]2
4326,2.9987219512712944,5.595907868448384,1,c12c(c(cnc1c1ccc(c3cc(c(s3)c3c(ccs3)C)C)n1C)c1cccn1C)nn(n2)C
4327,2.9057134338400066,6.562222508826411,1,c12c(c(cnc1c1ccc(c3cc(c(c4c(ccn4C)F)n3C)F)n1C)c1cccn1C)nn(n2)C
4328,3.0111847660704543,4.211526633496467,1,c12c(c(cnc1c1ccc(c3cc(c(s3)c3c(ccs3)SC)SC)n1C)c1cccn1C)nn(n2)C
4329,2.464671289157064,5.751877323837928,1,c12c(c(cnc1c1ccc(n1C)c1c(c3c(c4c(c(c3n1C)C)c(cn4C)C)C)C)c1cccn1C)[N]N([N]2)C
4330,3.0629952450608497,5.109426581069287,1,c12c(c(cnc1c1ccc(n1C)c1c(c3c(c4c(c(c3s1)C)c(cs4)C)C)C)c1cccn1C)nn(n2)C
4332,2.7314789291259847,5.791058346901116,1,c12c(c(cnc1c1ccc(n1C)c1c(c3c(c4c(c(c3n1C)C)c(cn4C)F)C)F)c1cccn1C)[N]N([N]2)C
4334,3.1401667358259555,5.218966652093392,1,c12c(c(cnc1c1ccc(n1C)c1c(c3c(c4c(c(c3s1)C)c(cs4)F)C)F)c1cccn1C)nn(n2)C
4335,2.5482102442518713,5.5894214663801085,1,c12c(c(cnc1c1ccc(n1C)c1cc3c(c4c(c(c3n1C)C)ccn4C)C)c1cccn1C)[N]N([N]2)C
4337,2.546468715546311,5.491720698669982,1,c12c(c(cnc1c1ccc(n1C)c1c(c3c(c4c(c(c3n1C)C)c(cn4C)SC)C)SC)c1cccn1C)nn(n2)C
4339,3.166752259971763,4.676259032501081,1,c12c(c(cnc1c1ccc(n1C)c1c(c3c(c4c(c(c3s1)C)c(cs4)SC)C)SC)c1cccn1C)nn(n2)C
4340,2.7605406894000084,5.6665685039375235,1,c12c(c(cnc1c1ccc(n1C)c1c(c3c(c4c(c(c3n1C)F)c(cn4C)SC)F)SC)c1cccn1C)nn(n2)C
4341,3.1154587973158296,5.586832364286425,1,c12c(c(cnc1c1ccc(n1C)c1c(c3cc4c(cc3s1)c(cs4)SC)SC)c1cccn1C)nn(n2)C
4343,3.0565733579590995,5.272222981804999,1,c12c(c(cnc1c1ccc(n1C)c1c(c3c(c4c(c(c3s1)OC)c(cs4)C)OC)C)c1cccn1C)nn(n2)C
4345,3.082641865770443,5.997602598471848,1,c12c(c(cnc1c1ccc(n1C)c1c(c3c(c4c(c(c3s1)OC)c(cs4)SC)OC)SC)c1cccn1C)nn(n2)C
4346,2.5451081462450933,5.329015750386729,1,c12c(c(cnc1c1ccc(n1C)c1cc3c(c4c(c(c3n1C)OC)ccn4C)OC)c1cccn1C)[N]N([N]2)C
4348,2.5752583619600915,5.934700943579701,1,c12c(c(cnc1c1ccc(n1C)c1c(c3c(c4c(c(c3n1C)SC)c(cn4C)OC)SC)OC)c1cccn1C)[N]N([N]2)C
4350,2.944163122292438,6.175103176164117,1,c12c(c(cnc1c1ccc(n1C)c1c(c3c(c4c(c(c3s1)SC)c(cs4)OC)SC)OC)c1cccn1C)nn(n2)C
4352,1.686480071632209,2.1130816200343387,1,c12c(c(cnc1c1ccc(o1)c1c(c3c(c4c(c(c3n1C)OC)c(cn4C)C)OC)C)c1ccco1)[N]O[N]2
4356,1.7367939243912636,0.8817417195370901,1,c12c(c(cnc1c1ccc(s1)c1c(c3c(c4c(c(c3n1C)F)c(cn4C)C)F)C)c1cccs1)nsn2
4360,2.0252618276355814,0.8177738340345251,1,c12c(c(cnc1c1ccc(s1)c1c(c3c(c4c(c(c3n1C)F)c(cn4C)F)F)F)c1cccs1)nsn2
4361,1.8687963579954692,0.8510623140000962,1,c12c(c(cnc1c1ccc(s1)c1cc3c(c4c(c(c3n1C)F)ccn4C)F)c1cccs1)nsn2
4362,1.7708625796937714,3.4674124807498794,1,c12c(c(cnc1c1ccc(s1)c1c(c3c(c4c(c(c3n1C)F)c(cn4C)OC)F)OC)c1cccs1)nsn2
4372,1.919491170158866,2.747736705721339,1,c12c(c(cnc1c1ccc(s1)c1cc3c(c4c(c(c3n1C)SC)ccn4C)SC)c1cccs1)nsn2
4377,1.761910033691755,1.8776564546590289,1,c12c(c(cnc1c1ccc(s1)c1c(c3c(c4c(c(c3n1C)SC)c(cn4C)SC)SC)SC)c1cccs1)nsn2
4378,1.8059652676652047,0.9344929919065996,1,c12c(c(cnc1c1ccc(s1)c1c(c3c(c4c(c(c3n1C)SC)c(cn4C)C)SC)C)c1cccs1)nsn2
4379,1.931654659711758,1.2109893495752888,1,c12c(c(cnc1c1ccc(s1)c1c(c3c(c4c(c(c3n1C)SC)c(cn4C)F)SC)F)c1cccs1)nsn2
4381,1.8395985407913225,4.07739395735748,1,c12c(c(cnc1c1ccc(s1)c1c(c3c(c4c(c(c3n1C)SC)c(cn4C)OC)SC)OC)c1cccs1)nsn2
4384,1.6871875676688424,4.565133422756241,1,c12c(c(cnc1c1ccc(s1)c1c(c3c(c4c(c(c3n1C)OC)c(cn4C)OC)OC)OC)c1cccs1)nsn2
4386,1.8487959892675596,1.6762690162386615,1,c12c(c(cnc1c1ccc(o1)c1c(c3c(c4c(c(c3n1C)OC)c(cn4C)F)OC)F)c1ccco1)[N]O[N]2
4391,1.6032404417836696,4.007526540234034,1,c12c(c(cnc1c1ccc(o1)c1c(c3c(c4c(c(c3n1C)OC)c(cn4C)OC)OC)OC)c1ccco1)[N]O[N]2
4394,1.776386491056718,3.1300622828073377,1,c12c(c(cnc1c1ccc(o1)c1cc3c(c4c(c(c3n1C)OC)ccn4C)OC)c1ccco1)[N]O[N]2
4397,1.8974499474791282,1.8125217785693577,1,c12c(c(cnc1c1ccc(o1)c1c(c3c(c4c(c(c3n1C)SC)c(cn4C)C)SC)C)c1ccco1)[N]O[N]2
4398,1.5281098049703907,1.248270674172751,1,c12c(c(cnc1c1ccc(o1)c1c(c3c(c4c(c(c3n1C)OC)c(cn4C)SC)OC)SC)c1ccco1)[N]O[N]2
4403,1.625390510007504,2.9218074754262964,1,c12c(c(cnc1c1ccc(s1)c1c(c3c(c4c(c(c3n1C)OC)c(cn4C)SC)OC)SC)c1cccs1)nsn2
4405,2.029724494943577,1.8222522591603052,1,c12c(c(cnc1c1ccc(o1)c1c(c3c(c4c(c(c3n1C)SC)c(cn4C)F)SC)F)c1ccco1)[N]O[N]2
4408,1.6841943152061625,2.836670239490261,1,c12c(c(cnc1c1ccc(o1)c1c(c3c(c4c(c(c3n1C)SC)c(cn4C)SC)SC)SC)c1ccco1)[N]O[N]2
4409,1.6150501833182442,2.514987417877588,1,c12c(c(cnc1c1ccc(s1)c1c(c3c(c4c(c(c3n1C)C)c(cn4C)C)C)C)c1cccs1)nsn2
4411,1.6930652270501056,2.386687413748533,1,c12c(c(cnc1c1ccc(s1)c1cc3c(c4c(c(c3n1C)C)ccn4C)C)c1cccs1)nsn2
4414,1.6440847322062453,4.933376464947211,1,c12c(c(cnc1c1ccc(s1)c1c(c3c(c4c(c(c3n1C)C)c(cn4C)OC)C)OC)c1cccs1)nsn2
4415,1.6011451650597932,2.791464940555444,1,c12c(c(cnc1c1ccc(s1)c1c(c3c(c4c(c(c3n1C)C)c(cn4C)SC)C)SC)c1cccs1)nsn2
4416,1.7546173822372246,2.0445475460000444,1,c12c(c(cnc1c1ccc(s1)c1c(c3c(c4c(c(c3n1C)F)c(cn4C)SC)F)SC)c1cccs1)nsn2
4419,2.6176809127720797,5.453936817154029,1,c12c(c(cnc1c1c(c(c(c3cc(c(c4c(cco4)C)o3)C)n1C)OC)OC)c1c(c(cn1C)OC)OC)nn(n2)C
4420,2.9941504384192004,8.448120802775568,1,c12c(c(cnc1c1c(c(c(c3cc(c(c4c(ccn4C)F)n3C)F)n1C)OC)OC)c1c(c(cn1C)OC)OC)nn(n2)C
4421,2.8308821222729965,6.097199217730799,1,c12c(c(cnc1c1c(c(c(c3cc(c(c4c(cco4)F)o3)F)n1C)OC)OC)c1c(c(cn1C)OC)OC)nn(n2)C
4422,2.7212202365947977,5.620796803467632,1,c12c(c(cnc1c1c(c(c(c3ccc(c4ccco4)o3)n1C)OC)OC)c1c(c(cn1C)OC)OC)nn(n2)C
4423,2.6892196466301423,4.26365319984664,1,c12c(c(cnc1c1c(c(c(c3ccc(s3)c3cccs3)n1C)OC)OC)c1c(c(cn1C)OC)OC)nn(n2)C
4424,2.65917827645924,6.7073233414055125,1,c12c(c(cnc1c1c(c(c(c3cc(c(c4c(ccn4C)OC)n3C)OC)n1C)OC)OC)c1c(c(cn1C)OC)OC)nn(n2)C
4425,2.685110727340461,5.604770905054544,1,c12c(c(cnc1c1c(c(c(c3cc(c(c4c(cco4)OC)o3)OC)n1C)OC)OC)c1c(c(cn1C)OC)OC)nn(n2)C
4426,2.438766049661865,3.2550316585286843,1,c12c(c(cnc1c1c(c(c(c3cc(c(s3)c3c(ccs3)OC)OC)n1C)OC)OC)c1c(c(cn1C)OC)OC)nn(n2)C
4427,2.8119157862140134,2.5356697194995035,1,c12c(c(cnc1c1c(c(c(c3cc(c(s3)c3c(ccs3)SC)SC)n1C)OC)OC)c1c(c(cn1C)OC)OC)nn(n2)C
4428,3.0367362575473362,7.133711226198647,1,c12c(c(cnc1c1c(c(c(c3cc(c(c4c(ccn4C)SC)n3C)SC)n1C)OC)OC)c1c(c(cn1C)OC)OC)nn(n2)C
4430,2.9750208340440714,6.4957700204483295,1,c12c(c(cnc1c1c(c(c(n1C)c1c(c3c(c4c(c(c3s1)C)c(cs4)F)C)F)OC)OC)c1c(c(cn1C)OC)OC)nn(n2)C
4432,3.0150215714998914,6.807032291294878,1,c12c(c(cnc1c1c(c(c(n1C)c1c(c3c(c4c(c(c3s1)C)c(cs4)C)C)C)OC)OC)c1c(c(cn1C)OC)OC)nn(n2)C
4433,2.882311641859052,5.187746146666968,1,c12c(c(cnc1c1c(c(c(n1C)c1c(c3cc4c(cc3n1C)c(cn4C)C)C)OC)OC)c1c(c(cn1C)OC)OC)nn(n2)C
4435,2.9459590737700467,5.207609972355153,1,c12c(c(cnc1c1c(c(c(n1C)c1c(c3c(c4c(c(c3n1C)C)c(cn4C)F)C)F)OC)OC)c1c(c(cn1C)OC)OC)nn(n2)C
4436,2.8987745304037937,6.423336278909513,1,c12c(c(cnc1c1c(c(c(n1C)c1cc3cc4c(cc3s1)ccs4)OC)OC)c1c(c(cn1C)OC)OC)[N]N([N]2)C
4437,2.9890891206186683,6.736395139510847,1,c12c(c(cnc1c1c(c(c(n1C)c1c(c3cc4c(cc3s1)c(cs4)F)F)OC)OC)c1c(c(cn1C)OC)OC)nn(n2)C
4438,3.0389948025873577,6.920097167256484,1,c12c(c(cnc1c1c(c(c(n1C)c1c(c3cc4c(cc3s1)c(cs4)C)C)OC)OC)c1c(c(cn1C)OC)OC)nn(n2)C
4439,1.7258005244374193,1.8171678430544596,1,c12c(c(cnc1c1ccc(s1)c1c(c3cc4c(cc3n1C)c(cn4C)C)C)c1cccs1)nsn2
4440,1.7305353056056592,3.0589218423918805,1,c12c(c(cnc1c1c(c(c(s1)c1c(c3c(c4c(c(c3n1C)F)c(cn4C)C)F)C)OC)OC)c1c(c(cs1)OC)OC)nsn2
4441,3.0017696265060234,7.0900879351917,1,c12c(c(cnc1c1c(c(c(n1C)c1c(c3c(c4c(c(c3s1)OC)c(cs4)F)OC)F)OC)OC)c1c(c(cn1C)OC)OC)nn(n2)C
4442,2.975510638992509,6.7400659819680895,1,c12c(c(cnc1c1c(c(c(n1C)c1cc3c(c4c(c(c3o1)OC)cco4)OC)OC)OC)c1c(c(cn1C)OC)OC)nn(n2)C
4444,3.043811217913672,7.246841879606338,1,c12c(c(cnc1c1c(c(c(n1C)c1c(c3c(c4c(c(c3s1)OC)c(cs4)C)OC)C)OC)OC)c1c(c(cn1C)OC)OC)nn(n2)C
4446,2.747696915196507,5.244494234777305,1,c12c(c(cnc1c1c(c(c(n1C)c1c(c3c(c4c(c(c3n1C)OC)c(cn4C)C)OC)C)OC)OC)c1c(c(cn1C)OC)OC)nn(n2)C
4447,2.7941739625261257,5.13962395191166,1,c12c(c(cnc1c1c(c(c(n1C)c1cc3c(c4c(c(c3n1C)OC)ccn4C)OC)OC)OC)c1c(c(cn1C)OC)OC)nn(n2)C
4448,2.535693006680662,6.485165553543825,1,c1(nccc2c1nn(n2)C)c1c(c2c(cc3c(c2)n(c(c3F)c2cnc(c3c2nn(n3)C)c2c(c3c(cc4c(c3)n(cc4F)C)n2C)F)C)n1C)F
4451,2.7773573259630666,5.704983814576592,1,c12c(c(cnc1c1c(c(c(n1C)c1c(c3cc4c(cc3n1C)c(cn4C)OC)OC)OC)OC)c1c(c(cn1C)OC)OC)nn(n2)C
4452,1.8401427685118104,1.8840429909872365,1,c12c(c(cnc1c1ccc(s1)c1cc3cc4c(cc3n1C)ccn4C)c1cccs1)nsn2
4453,1.9381309695855569,1.1234058394899693,1,c12c(c(cnc1c1ccc(s1)c1c(c3cc4c(cc3n1C)c(cn4C)F)F)c1cccs1)nsn2
4458,1.6915141780467169,2.4922578071465806,1,c12c(c(cnc1c1ccc(s1)c1c(c3cc4c(cc3n1C)c(cn4C)SC)SC)c1cccs1)nsn2
4459,1.7128751160758444,4.206590909527466,1,c12c(c(cnc1c1ccc(s1)c1c(c3cc4c(cc3n1C)c(cn4C)OC)OC)c1cccs1)nsn2
4462,1.5912674319329467,1.8406126349257173,1,c12c(c(cnc1c1ccc(s1)c1c(c3c(c4c(c(c3n1C)OC)c(cn4C)C)OC)C)c1cccs1)nsn2
4466,3.0312667689564385,5.237236416499023,1,c12c(c(cnc1c1c(c(c(n1C)c1cc3cc4c(cc3n1C)ccn4C)OC)OC)c1c(c(cn1C)OC)OC)nn(n2)C
4469,1.6837317216437473,2.787457776432261,1,c12c(c(cnc1c1ccc(s1)c1cc3c(c4c(c(c3n1C)OC)ccn4C)OC)c1cccs1)nsn2
4472,3.0010077076973416,6.286559835960045,1,c12c(c(cnc1c1c(c(c(n1C)c1cc3cc4c(cc3o1)cco4)OC)OC)c1c(c(cn1C)OC)OC)nn(n2)C
4475,3.053389625794249,7.235143909606102,1,c12c(c(cnc1c1c(c(c(c3cc(c(c4c(ccn4C)C)n3C)C)n1C)OC)OC)c1c(c(cn1C)OC)OC)nn(n2)C
4476,2.7701463086666096,4.590913532490659,1,c12c(c(cnc1c1c(c(c(c3cc(c(s3)c3c(ccs3)C)C)n1C)OC)OC)c1c(c(cn1C)OC)OC)nn(n2)C
4477,3.127241327464381,7.22125950091869,1,c12c(c(cnc1c1c(c(c(n1C)c1c(c3cc4c(cc3s1)c(cs4)OC)OC)OC)OC)c1c(c(cn1C)OC)OC)nn(n2)C
4478,2.681790938245489,4.875390564176291,1,c12c(c(cnc1c1c(c(c(c3cc(c(s3)c3c(ccs3)F)F)n1C)OC)OC)c1c(c(cn1C)OC)OC)nn(n2)C
4479,3.077362856881716,4.5575027399970205,1,c12c(c(cnc1c1c(c(c(c3ccc(c4cccn4C)n3C)n1C)OC)OC)c1c(c(cn1C)OC)OC)nn(n2)C
4480,2.6660627571234046,4.310748768089032,1,c12c(c(cnc1c1c(c(c(c3cc(c(c4c(cco4)SC)o3)SC)n1C)OC)OC)c1c(c(cn1C)OC)OC)nn(n2)C
4483,2.7708538047032434,5.299255314482294,1,c12c(c(cnc1c1c(c(c(n1C)c1cc3c(c4c(c(c3n1C)C)ccn4C)C)OC)OC)c1c(c(cn1C)OC)OC)nn(n2)C
4484,2.969333654364977,6.086268579261236,1,c12c(c(cnc1c1c(c(c(n1C)c1cc3c(c4c(c(c3o1)C)cco4)C)OC)OC)c1c(c(cn1C)OC)OC)nn(n2)C
4485,2.896951367540161,5.642657666380072,1,c12c(c(cnc1c1c(c(c(n1C)c1c(c3cc4c(cc3n1C)c(cn4C)SC)SC)OC)OC)c1c(c(cn1C)OC)OC)nn(n2)C
4486,2.4661679153884033,5.261556842516415,1,c12c(c(cnc1c1c(c(c(n1C)c1c(c3c(c4c(c(c3n1C)OC)c(cn4C)OC)OC)OC)OC)OC)c1c(c(cn1C)OC)OC)nn(n2)C
4488,2.8915635131073363,5.873860302906135,1,c12c(c(cnc1c1c(c(c(n1C)c1cc3c(c4c(c(c3s1)OC)ccs4)OC)OC)OC)c1c(c(cn1C)OC)OC)[N]N([N]2)C
4491,3.1281120918171608,7.586902457760543,1,c12c(c(cnc1c1c(c(c(n1C)c1c(c3c(c4c(c(c3s1)OC)c(cs4)OC)OC)OC)OC)OC)c1c(c(cn1C)OC)OC)[N]N([N]2)C
4492,2.7093560722881733,5.0430907815668204,1,c12c(c(cnc1c1c(c(c(n1C)c1c(c3c(c4c(c(c3n1C)OC)c(cn4C)SC)OC)SC)OC)OC)c1c(c(cn1C)OC)OC)nn(n2)C
4493,3.1682216748170786,5.7694109122287385,1,c12c(c(cnc1c1c(c(c(n1C)c1c(c3c(c4c(c(c3s1)OC)c(cs4)SC)OC)SC)OC)OC)c1c(c(cn1C)OC)OC)[N]N([N]2)C
4494,2.8689780627071118,5.815766378472063,1,c12c(c(cnc1c1c(c(c(n1C)c1cc3c(c4c(c(c3s1)SC)ccs4)SC)OC)OC)c1c(c(cn1C)OC)OC)[N]N([N]2)C
4495,2.805657167428409,2.9863773149170925,1,c12c(c(cnc1c1c(c(c(n1C)c1c(c3c(c4c(c(c3n1C)SC)c(cn4C)C)SC)C)OC)OC)c1c(c(cn1C)OC)OC)nn(n2)C
4498,3.0072119037108966,7.535090477892778,1,c12c(c(cnc1c1c(c(c(n1C)c1cc3c(c4c(c(c3o1)SC)cco4)SC)OC)OC)c1c(c(cn1C)OC)OC)nn(n2)C
4500,3.0125725467576974,7.269598309218372,1,c12c(c(cnc1c1c(c(c(n1C)c1c(c3c(c4c(c(c3s1)SC)c(cs4)C)SC)C)OC)OC)c1c(c(cn1C)OC)OC)nn(n2)C
4501,2.8998629858447686,7.121357233042906,1,c12c(c(cnc1c1c(c(c(n1C)c1c(c3c(c4c(c(c3s1)SC)c(cs4)F)SC)F)OC)OC)c1c(c(cn1C)OC)OC)nn(n2)C
4502,2.0550310839462385,3.7951952136551363,1,c12c(c(cnc1c1c(c(c(s1)c1c(c3c(c4c(c(c3n1C)F)c(cn4C)F)F)F)OC)OC)c1c(c(cs1)OC)OC)nsn2
4503,3.1168465780030727,5.859355150492048,1,c12c(c(cnc1c1c(c(c(n1C)c1cc3c(c4c(c(c3n1C)SC)ccn4C)SC)OC)OC)c1c(c(cn1C)OC)OC)nn(n2)C
4504,3.1184248383924866,7.584675348818956,1,c12c(c(cnc1c1c(c(c(n1C)c1c(c3c(c4c(c(c3s1)SC)c(cs4)OC)SC)OC)OC)OC)c1c(c(cn1C)OC)OC)[N]N([N]2)C
4509,3.027892557089417,7.5191312385525455,1,c12c(c(cnc1c1c(c(c(n1C)c1c(c3c(c4c(c(c3s1)SC)c(cs4)SC)SC)SC)OC)OC)c1c(c(cn1C)OC)OC)nn(n2)C
4550,1.7793525321333739,1.9739429827332424,1,c12c(c(cnc1c1c(c(c(s1)c1c(c3c(c4c(c(c3n1C)F)c(cn4C)OC)F)OC)OC)OC)c1c(c(cs1)OC)OC)nsn2
4580,2.3533495089313767,6.175625815244733,1,c1(nccc2c1nn(n2)C)c1c(c2c(c(c3c(c2OC)n(c(c3F)c2cnc(c3c2nn(n3)C)c2c(c3c(c(c4c(c3OC)n(cc4F)C)OC)n2C)F)C)OC)n1C)F
4591,2.1418898281360184,2.2901764693265854,1,c12c(c(cnc1c1c(c(c(s1)c1cc(c(c3c(ccn3C)C)n1C)C)OC)OC)c1c(c(cs1)OC)OC)nsn2
4599,1.7374742090418729,2.3218699807360434,1,c12c(c(cnc1c1c(c(c(s1)c1c(c3cc4c(cc3n1C)c(cn4C)C)C)OC)OC)c1c(c(cs1)OC)OC)nsn2
4601,1.9579136472252712,3.1806381277826934,1,c12c(c(cnc1c1c(c(c(s1)c1c(c3cc4c(cc3n1C)c(cn4C)F)F)OC)OC)c1c(c(cs1)OC)OC)nsn2
4605,1.7786994588687892,2.2132403426290894,1,c12c(c(cnc1c1c(c(c(s1)c1c(c3cc4c(cc3n1C)c(cn4C)SC)SC)OC)OC)c1c(c(cs1)OC)OC)nsn2
4608,1.739215737747433,3.5553095058390825,1,c12c(c(cnc1c1c(c(c(s1)c1cc3c(c4c(c(c3n1C)OC)ccn4C)OC)OC)OC)c1c(c(cs1)OC)OC)nsn2
4609,1.8061013245953268,4.014579600171409,1,c12c(c(cnc1c1c(c(c(s1)c1c(c3c(c4c(c(c3n1C)OC)c(cn4C)F)OC)F)OC)OC)c1c(c(cs1)OC)OC)nsn2
4612,1.6986979839571492,1.8966590777700325,1,c12c(c(cnc1c1c(c(c(s1)c1cc3c(c4c(c(c3n1C)C)ccn4C)C)OC)OC)c1c(c(cs1)OC)OC)nsn2
4615,2.8909920740008244,6.40063153326345,1,c12c(c(cnc1c1c(c(c(n1C)c1cc3c(c4c(c(c3s1)C)ccs4)C)OC)OC)c1c(c(cn1C)OC)OC)[N]N([N]2)C
4616,2.5773536386839684,5.649534706315364,1,c12c(c(cnc1c1c(c(c(n1C)c1c(c3c(c4c(c(c3n1C)C)c(cn4C)OC)C)OC)OC)OC)c1c(c(cn1C)OC)OC)nn(n2)C
4618,3.136357141782544,7.258506232059057,1,c12c(c(cnc1c1c(c(c(n1C)c1c(c3c(c4c(c(c3s1)C)c(cs4)OC)C)OC)OC)OC)c1c(c(cn1C)OC)OC)[N]N([N]2)C
4619,2.9018494170245472,5.3086087844309935,1,c12c(c(cnc1c1c(c(c(n1C)c1c(c3c(c4c(c(c3n1C)F)c(cn4C)C)F)C)OC)OC)c1c(c(cn1C)OC)OC)nn(n2)C
4620,3.0320286877651204,6.689783151374401,1,c12c(c(cnc1c1c(c(c(n1C)c1cc3c(c4c(c(c3o1)F)cco4)F)OC)OC)c1c(c(cn1C)OC)OC)nn(n2)C
4621,2.8709100711148414,5.627442871990068,1,c12c(c(cnc1c1c(c(c(n1C)c1c(c3c(c4c(c(c3n1C)F)c(cn4C)OC)F)OC)OC)OC)c1c(c(cn1C)OC)OC)nn(n2)C
4622,3.0982067785763805,6.98133320097164,1,c12c(c(cnc1c1c(c(c(n1C)c1c(c3c(c4c(c(c3s1)C)c(cs4)SC)C)SC)OC)OC)c1c(c(cn1C)OC)OC)nn(n2)C
4623,2.721356293524919,6.0046656244017065,1,c12c(c(cnc1c1c(c(c(n1C)c1c(c3c(c4c(c(c3n1C)C)c(cn4C)SC)C)SC)OC)OC)c1c(c(cn1C)OC)OC)nn(n2)C
4625,2.9224212248589687,6.6794455487198965,1,c12c(c(cnc1c1c(c(c(n1C)c1c(c3c(c4c(c(c3s1)F)c(cs4)F)F)F)OC)OC)c1c(c(cn1C)OC)OC)nn(n2)C
4627,3.072954612345768,5.3435862965744265,1,c12c(c(cnc1c1c(c(c(n1C)c1cc3c(c4c(c(c3n1C)F)ccn4C)F)OC)OC)c1c(c(cn1C)OC)OC)nn(n2)C
4628,3.0283823620378554,6.8146932568768745,1,c12c(c(cnc1c1c(c(c(n1C)c1c(c3c(c4c(c(c3s1)F)c(cs4)C)F)C)OC)OC)c1c(c(cn1C)OC)OC)nn(n2)C
4630,2.8750189904045214,6.702133691570317,1,c12c(c(cnc1c1c(c(c(n1C)c1cc3c(c4c(c(c3s1)F)ccs4)F)OC)OC)c1c(c(cn1C)OC)OC)[N]N([N]2)C
4631,1.8743474807444405,2.2534592409724272,1,c12c(c(cnc1c1c(c(c(s1)c1cc3cc4c(cc3n1C)ccn4C)OC)OC)c1c(c(cs1)OC)OC)nsn2
4635,3.107404227052617,7.0993938149500275,1,c12c(c(cnc1c1c(c(c(n1C)c1c(c3c(c4c(c(c3s1)F)c(cs4)OC)F)OC)OC)OC)c1c(c(cn1C)OC)OC)nn(n2)C
4636,2.920924598627628,5.679420798962543,1,c12c(c(cnc1c1c(c(c(n1C)c1c(c3c(c4c(c(c3n1C)F)c(cn4C)SC)F)SC)OC)OC)c1c(c(cn1C)OC)OC)nn(n2)C
4637,3.0526549183715903,6.837890676458525,1,c12c(c(cnc1c1c(c(c(n1C)c1c(c3c(c4c(c(c3s1)F)c(cs4)SC)F)SC)OC)OC)c1c(c(cn1C)OC)OC)nn(n2)C
4639,3.104628665678132,7.163347276848637,1,c12c(c(cnc1c1c(c(c(n1C)c1c(c3cc4c(cc3s1)c(cs4)SC)SC)OC)OC)c1c(c(cn1C)OC)OC)nn(n2)C
4642,2.9177408664627777,5.299900234590497,1,c12c(c(cnc1c1c(c(c(n1C)c1c(c3c(c4c(c(c3n1C)OC)c(cn4C)F)OC)F)OC)OC)c1c(c(cn1C)OC)OC)nn(n2)C
4644,3.088247411291462,5.9409034695041685,1,c12c(c(cnc1c1c(c(c(n1C)c1c(c3c(c4c(c(c3n1C)SC)c(cn4C)F)SC)F)OC)OC)c1c(c(cn1C)OC)OC)nn(n2)C
4645,2.911781572923441,6.1070050226171215,1,c12c(c(cnc1c1c(c(c(n1C)c1c(c3c(c4c(c(c3n1C)SC)c(cn4C)OC)SC)OC)OC)OC)c1c(c(cn1C)OC)OC)nn(n2)C
4646,3.0205726942488607,5.381472783621649,1,c12c(c(cnc1c1c(c(c(n1C)c1c(c3c(c4c(c(c3n1C)SC)c(cn4C)SC)SC)SC)OC)OC)c1c(c(cn1C)OC)OC)nn(n2)C
4656,1.7910534281238513,2.3734780399674817,1,c12c(c(cnc1c1c(c(c(s1)c1c(c3c(c4c(c(c3n1C)F)c(cn4C)SC)F)SC)OC)OC)c1c(c(cs1)OC)OC)nsn2
4667,1.584001991864441,1.169949300003691,1,c12c(c(cnc1c1c(c(c(s1)c1c(c3c(c4c(c(c3n1C)OC)c(cn4C)OC)OC)OC)OC)OC)c1c(c(cs1)OC)OC)nsn2
4672,1.6310776896865966,1.8804508342028257,1,c12c(c(cnc1c1c(c(c(s1)c1c(c3c(c4c(c(c3n1C)OC)c(cn4C)SC)OC)SC)OC)OC)c1c(c(cs1)OC)OC)nsn2
4673,1.849149737285876,3.6325124219546887,1,c12c(c(cnc1c1c(c(c(s1)c1c(c3c(c4c(c(c3n1C)SC)c(cn4C)C)SC)C)OC)OC)c1c(c(cs1)OC)OC)nsn2
4675,1.7093376358926775,1.9065407015653024,1,c12c(c(cnc1c1c(c(c(s1)c1c(c3c(c4c(c(c3n1C)SC)c(cn4C)OC)SC)OC)OC)OC)c1c(c(cs1)OC)OC)nsn2
4684,1.7956793637479946,2.577910271389029,1,c12c(c(cnc1c1c(c(c(s1)c1c(c3c(c4c(c(c3n1C)SC)c(cn4C)SC)SC)SC)OC)OC)c1c(c(cs1)OC)OC)nsn2
4686,3.0816350444875407,9.709560253023945,1,c12c(c(cnc1c1c(c(c(c3cc(c(c4c(ccn4C)C)n3C)C)n1C)SC)SC)c1c(c(cn1C)SC)SC)nn(n2)C
4687,2.7807315378300883,8.090437620791539,1,c12c(c(cnc1c1c(c(c(c3cc(c(c4c(cco4)C)o3)C)n1C)SC)SC)c1c(c(cn1C)SC)SC)nn(n2)C
4689,3.0220421090941767,5.219498292906785,1,c12c(c(cnc1c1c(c(c(c3cc(c(s3)c3c(ccs3)C)C)n1C)SC)SC)c1c(c(cn1C)SC)SC)nn(n2)C
4691,2.934720771341982,8.343000310682088,1,c12c(c(cnc1c1c(c(c(c3ccc(c4ccco4)o3)n1C)SC)SC)c1c(c(cn1C)SC)SC)nn(n2)C
4692,2.9750208340440705,4.2734476043511815,1,c12c(c(cnc1c1c(c(c(c3cc(c(s3)c3c(ccs3)F)F)n1C)SC)SC)c1c(c(cn1C)SC)SC)nn(n2)C
4693,2.9746942974117783,4.176867107611681,1,c12c(c(cnc1c1c(c(c(c3ccc(s3)c3cccs3)n1C)SC)SC)c1c(c(cn1C)SC)SC)nn(n2)C
4694,3.022150954638275,7.646845105430341,1,c12c(c(cnc1c1c(c(c(c3ccc(c4cccn4C)n3C)n1C)SC)SC)c1c(c(cn1C)SC)SC)nn(n2)C
4695,2.700947754006644,8.6102374610616,1,c12c(c(cnc1c1c(c(c(c3cc(c(c4c(ccn4C)OC)n3C)OC)n1C)SC)SC)c1c(c(cn1C)SC)SC)nn(n2)C
4696,2.7677244953104405,8.576677000536607,1,c12c(c(cnc1c1c(c(c(c3cc(c(c4c(cco4)OC)o3)OC)n1C)SC)SC)c1c(c(cn1C)SC)SC)nn(n2)C
4697,2.635341102301895,3.819367716285917,1,c12c(c(cnc1c1c(c(c(c3cc(c(s3)c3c(ccs3)OC)OC)n1C)SC)SC)c1c(c(cn1C)SC)SC)nn(n2)C
4698,2.8675086478617966,8.310896090215847,1,c12c(c(cnc1c1c(c(c(c3cc(c(c4c(cco4)SC)o3)SC)n1C)SC)SC)c1c(c(cn1C)SC)SC)nn(n2)C
4700,3.063947643571703,5.6974062728565755,1,c12c(c(cnc1c1c(c(c(n1C)c1c(c3c(c4c(c(c3s1)C)c(cs4)F)C)F)SC)SC)c1c(c(cn1C)SC)SC)nn(n2)C
4701,3.0792948652894463,5.402229883198077,1,c12c(c(cnc1c1c(c(c(n1C)c1c(c3c(c4c(c(c3s1)C)c(cs4)C)C)C)SC)SC)c1c(c(cn1C)SC)SC)nn(n2)C
4703,3.0667776277182366,5.8360903448241785,1,c12c(c(cnc1c1c(c(c(n1C)c1cc3c(c4c(c(c3o1)F)cco4)F)SC)SC)c1c(c(cn1C)SC)SC)nn(n2)C
4704,2.993905535944981,5.5634567637361005,1,c12c(c(cnc1c1c(c(c(n1C)c1cc3c(c4c(c(c3o1)C)cco4)C)SC)SC)c1c(c(cn1C)SC)SC)nn(n2)C
4705,3.0595666104217796,5.423718877717573,1,c12c(c(cnc1c1c(c(c(n1C)c1cc3c(c4c(c(c3s1)C)ccs4)C)SC)SC)c1c(c(cn1C)SC)SC)nn(n2)C
4706,3.074886620753498,5.544849682188038,1,c12c(c(cnc1c1c(c(c(n1C)c1c(c3c(c4c(c(c3s1)F)c(cs4)C)F)C)SC)SC)c1c(c(cn1C)SC)SC)nn(n2)C
4708,3.017769921488352,6.023767642053946,1,c12c(c(cnc1c1c(c(c(n1C)c1c(c3c(c4c(c(c3s1)F)c(cs4)F)F)F)SC)SC)c1c(c(cn1C)SC)SC)nn(n2)C
4711,3.0157018561505,5.626191955799047,1,c12c(c(cnc1c1c(c(c(n1C)c1cc3c(c4c(c(c3s1)F)ccs4)F)SC)SC)c1c(c(cn1C)SC)SC)nn(n2)C
4716,3.0889549073280964,5.8799424432843495,1,c12c(c(cnc1c1c(c(c(n1C)c1c(c3c(c4c(c(c3s1)F)c(cs4)SC)F)SC)SC)SC)c1c(c(cn1C)SC)SC)nn(n2)C
4717,3.053362414408224,5.817330875073299,1,c12c(c(cnc1c1c(c(c(n1C)c1c(c3cc4c(cc3s1)c(cs4)F)F)SC)SC)c1c(c(cn1C)SC)SC)nn(n2)C
4719,3.092138639492948,5.4695429624030565,1,c12c(c(cnc1c1c(c(c(n1C)c1c(c3cc4c(cc3s1)c(cs4)C)C)SC)SC)c1c(c(cn1C)SC)SC)nn(n2)C
4725,3.0595121876497307,5.641377334399956,1,c12c(c(cnc1c1c(c(c(n1C)c1cc3cc4c(cc3o1)cco4)SC)SC)c1c(c(cn1C)SC)SC)nn(n2)C
4726,2.450085986248002,6.014416430957584,1,c12c(c(cnc1c1c(c(c(n1C)c1c(c3cc4c(cc3n1C)c(cn4C)OC)OC)SC)SC)c1c(c(cn1C)SC)SC)nn(n2)C
4728,3.0334708912244124,5.36593853297171,1,c12c(c(cnc1c1c(c(c(n1C)c1c(c3cc4c(cc3s1)c(cs4)OC)OC)SC)SC)c1c(c(cn1C)SC)SC)nn(n2)C
4729,2.5687820520862923,5.575674943910929,1,c12c(c(cnc1c1c(c(c(n1C)c1c(c3cc4c(cc3n1C)c(cn4C)SC)SC)SC)SC)c1c(c(cn1C)SC)SC)nn(n2)C
4730,3.107268170122496,5.205282862282487,1,c12c(c(cnc1c1c(c(c(n1C)c1c(c3cc4c(cc3s1)c(cs4)SC)SC)SC)SC)c1c(c(cn1C)SC)SC)nn(n2)C
4751,2.1141342143911652,1.5920299031517628,1,c12c(c(cnc1c1c(c(c(s1)c1ccc(c3cccn3C)n1C)OC)OC)c1c(c(cs1)OC)OC)nsn2
4753,1.8658031055327884,0.9975737834841308,1,c12c(c(cnc1c1c(c(c(s1)c1cc(c(c3c(ccn3C)OC)n1C)OC)OC)OC)c1c(c(cs1)OC)OC)nsn2
4755,2.167577376543022,3.413915849984729,1,c12c(c(cnc1c1c(c(c(s1)c1cc(c(c3c(ccn3C)F)n1C)F)OC)OC)c1c(c(cs1)OC)OC)nsn2
4757,2.1116307668769223,2.723950528743628,1,c12c(c(cnc1c1c(c(c(s1)c1cc(c(c3c(ccn3C)SC)n1C)SC)OC)OC)c1c(c(cs1)OC)OC)nsn2
4761,1.5282458619005133,1.9573240381627042,1,c12c(c(cnc1c1c(c(c(s1)c1c(c3c(c4c(c(c3n1C)C)c(cn4C)C)C)C)OC)OC)c1c(c(cs1)OC)OC)nsn2
4764,3.101689835987502,4.978036255972821,1,c12c(c(cnc1c1c(c(c(n1C)c1c(c3c(c4c(c(c3s1)SC)c(cs4)SC)SC)SC)SC)SC)c1c(c(cn1C)SC)SC)nn(n2)C
4766,1.6186420862734616,1.8582019800277016,1,c12c(c(cnc1c1c(c(c(s1)c1c(c3c(c4c(c(c3n1C)C)c(cn4C)OC)C)OC)OC)OC)c1c(c(cs1)OC)OC)nsn2
4769,1.6175808422185107,2.54354562603523,1,c12c(c(cnc1c1c(c(c(s1)c1c(c3c(c4c(c(c3n1C)C)c(cn4C)SC)C)SC)OC)OC)c1c(c(cs1)OC)OC)nsn2
4772,1.7238685160296896,2.009088903417391,1,c12c(c(cnc1c1c(c(c(s1)c1c(c3cc4c(cc3n1C)c(cn4C)OC)OC)OC)OC)c1c(c(cs1)OC)OC)nsn2
4774,1.6370097718399088,3.1682816881595097,1,c12c(c(cnc1c1c(c(c(s1)c1c(c3c(c4c(c(c3n1C)OC)c(cn4C)C)OC)C)OC)OC)c1c(c(cs1)OC)OC)nsn2
4779,1.964498802643169,4.242088411430057,1,c12c(c(cnc1c1c(c(c(s1)c1c(c3c(c4c(c(c3n1C)SC)c(cn4C)F)SC)F)OC)OC)c1c(c(cs1)OC)OC)nsn2
4782,3.045716014935377,10.80801155426861,1,c12c(c(cnc1c1c(c(c(c3cc(c(c4c(ccn4C)F)n3C)F)n1C)SC)SC)c1c(c(cn1C)SC)SC)nn(n2)C
4783,2.98323867262343,8.194114548573486,1,c12c(c(cnc1c1c(c(c(c3cc(c(c4c(cco4)F)o3)F)n1C)SC)SC)c1c(c(cn1C)SC)SC)nn(n2)C
4784,3.028872166986293,3.3646255663838707,1,c12c(c(cnc1c1c(c(c(c3cc(c(s3)c3c(ccs3)SC)SC)n1C)SC)SC)c1c(c(cn1C)SC)SC)nn(n2)C
4787,2.883998747792562,5.249926214445594,1,c12c(c(cnc1c1c(c(c(n1C)c1c(c3c(c4c(c(c3s1)C)c(cs4)OC)C)OC)SC)SC)c1c(c(cn1C)SC)SC)nn(n2)C
4788,3.0850092563545632,6.200003838049974,1,c12c(c(cnc1c1c(c(c(n1C)c1c(c3c(c4c(c(c3s1)F)c(cs4)OC)F)OC)SC)SC)c1c(c(cn1C)SC)SC)nn(n2)C
4789,2.4964269766475,5.78059620104641,1,c12c(c(cnc1c1c(c(c(n1C)c1c(c3cc4c(cc3n1C)c(cn4C)C)C)SC)SC)c1c(c(cn1C)SC)SC)nn(n2)C
4790,2.74328867066056,6.120286157151644,1,c12c(c(cnc1c1c(c(c(n1C)c1c(c3cc4c(cc3n1C)c(cn4C)F)F)SC)SC)c1c(c(cn1C)SC)SC)nn(n2)C
4791,2.620293205830419,5.792581678369823,1,c12c(c(cnc1c1c(c(c(n1C)c1cc3cc4c(cc3n1C)ccn4C)SC)SC)c1c(c(cn1C)SC)SC)nn(n2)C
4841,2.409105638895305,1.4937416769404646,1,c12c(c(cnc1c1c(c(c(s1)c1cc(c(c3c(ccn3C)F)n1C)F)SC)SC)c1c(c(cs1)SC)SC)nsn2
4855,1.856306331810284,1.5428397508110736,1,c12c(c(cnc1c1c(c(c(s1)c1cc(c(c3c(ccn3C)OC)n1C)OC)SC)SC)c1c(c(cs1)SC)SC)nsn2
4858,2.2568579340889707,2.1075700797127697,1,c12c(c(cnc1c1c(c(c(s1)c1cc(c(c3c(ccn3C)SC)n1C)SC)SC)SC)c1c(c(cs1)SC)SC)nsn2
4906,2.845467425182058,5.411047231152527,1,c1(nccc2c1nn(n2)C)c1cc(c(n1C)c1c(cc(n1C)c1cnc(c2c1nn(n2)C)c1cc(c(n1C)c1c(ccn1C)C)C)C)C
4924,2.467011468355159,5.955844290501722,1,c1(ncc(c2c1nn(n2)C)c1c(c2c(c3c(c(c2n1C)c1ccccc1)c(c(c1nccc2c1nn(n2)C)n3C)C)c1ccccc1)C)c1c(c2c(c(c3c(c2c2ccccc2)n(cc3C)C)c2ccccc2)n1C)C
4930,2.7614930879108606,6.3853319384180525,1,c1(ncc(c2c1nn(n2)C)c1cc(c(c2c(cc(c3nccc4c3nn(n4)C)n2C)F)n1C)F)c1cc(c(n1C)c1c(ccn1C)F)F
4932,2.4623311099589675,6.127607582881111,1,c1(nccc2c1nn(n2)C)c1c(c2c(c(c3c(c2c2ccccc2)n(c(c3F)c2cnc(c3c2nn(n3)C)c2c(c3c(c(c4c(c3c3ccccc3)n(cc4F)C)c3ccccc3)n2C)F)C)c2ccccc2)n1C)F
4938,2.6970837371911838,4.8732589582134125,1,c1(ncc(c2c1nn(n2)C)c1ccc(c2ccc(c3nccc4c3nn(n4)C)n2C)n1C)c1ccc(n1C)c1cccn1C
4941,2.8433177256861333,2.9307272947080705,1,c1(ncc(c2c1nn(n2)C)c1cc(c(c2c(cc(c3nccc4c3nn(n4)C)n2C)SC)n1C)SC)c1cc(c(n1C)c1c(ccn1C)SC)SC
4942,2.4214596081503674,5.022469651560698,1,c1(nccc2c1nn(n2)C)c1cc(c(n1C)c1c(cc(n1C)c1cnc(c2c1nn(n2)C)c1cc(c(n1C)c1c(ccn1C)OC)OC)OC)OC
4943,2.384751448403497,6.267619096926413,1,c1(nccc2c1nn(n2)C)c1c(c2c(c(c3c(c2C)n(c(c3F)c2cnc(c3c2nn(n3)C)c2c(c3c(c(c4c(c3C)n(cc4F)C)C)n2C)F)C)C)n1C)F
4945,2.4914472930050406,6.312863740706983,1,c1(nccc2c1nn(n2)C)c1c(c2c(c(c3c(c2F)n(c(c3F)c2cnc(c3c2nn(n3)C)c2c(c3c(c(c4c(c3F)n(cc4F)C)F)n2C)F)C)F)n1C)F
4947,2.912570703118148,5.824844211947867,1,c12c(c(cnc1c1c(c(c(n1C)c1cc3c(c4c(c(c3o1)OC)cco4)OC)SC)SC)c1c(c(cn1C)SC)SC)nn(n2)C
4949,3.082396963296224,6.120966020173475,1,c12c(c(cnc1c1c(c(c(n1C)c1c(c3c(c4c(c(c3s1)OC)c(cs4)C)OC)C)SC)SC)c1c(c(cn1C)SC)SC)nn(n2)C
4950,3.0375253877420416,5.239435434734824,1,c12c(c(cnc1c1c(c(c(n1C)c1cc3c(c4c(c(c3s1)OC)ccs4)OC)SC)SC)c1c(c(cn1C)SC)SC)nn(n2)C
4951,3.0784785237087147,4.965098088790954,1,c12c(c(cnc1c1c(c(c(n1C)c1c(c3c(c4c(c(c3s1)OC)c(cs4)OC)OC)OC)SC)SC)c1c(c(cn1C)SC)SC)nn(n2)C
4952,3.051865788176884,5.648838207556777,1,c12c(c(cnc1c1c(c(c(n1C)c1c(c3c(c4c(c(c3s1)OC)c(cs4)F)OC)F)SC)SC)c1c(c(cn1C)SC)SC)nn(n2)C
4953,2.369540283615875,6.41512322914292,1,c12c(c(cnc1c1c(c(c(n1C)c1c(c3c(c4c(c(c3n1C)OC)c(cn4C)C)OC)C)SC)SC)c1c(c(cn1C)SC)SC)nn(n2)C
4954,3.082396963296224,5.381837267891447,1,c12c(c(cnc1c1c(c(c(n1C)c1c(c3c(c4c(c(c3s1)SC)c(cs4)C)SC)C)SC)SC)c1c(c(cn1C)SC)SC)nn(n2)C
4956,3.109907674566859,5.228421927211354,1,c12c(c(cnc1c1c(c(c(n1C)c1c(c3c(c4c(c(c3s1)OC)c(cs4)SC)OC)SC)SC)SC)c1c(c(cn1C)SC)SC)nn(n2)C
4958,3.0302055249014868,5.051877920547168,1,c12c(c(cnc1c1c(c(c(n1C)c1cc3c(c4c(c(c3s1)SC)ccs4)SC)SC)SC)c1c(c(cn1C)SC)SC)nn(n2)C
4959,2.4482900347703938,6.058105033946202,1,c12c(c(cnc1c1c(c(c(n1C)c1cc3c(c4c(c(c3n1C)OC)ccn4C)OC)SC)SC)c1c(c(cn1C)SC)SC)nn(n2)C
4960,2.3061377541791,5.765832481126687,1,c12c(c(cnc1c1c(c(c(n1C)c1c(c3c(c4c(c(c3n1C)OC)c(cn4C)OC)OC)OC)SC)SC)c1c(c(cn1C)SC)SC)nn(n2)C
4962,3.0232666214652744,5.63744640281765,1,c12c(c(cnc1c1c(c(c(n1C)c1c(c3c(c4c(c(c3s1)SC)c(cs4)F)SC)F)SC)SC)c1c(c(cn1C)SC)SC)nn(n2)C
4963,3.0060962368838977,7.546241319658882,1,c12c(c(cnc1c1c(c(c(n1C)c1cc3c(c4c(c(c3o1)SC)cco4)SC)SC)SC)c1c(c(cn1C)SC)SC)nn(n2)C
4965,3.0900705741550962,4.5319967779719015,1,c12c(c(cnc1c1c(c(c(n1C)c1c(c3c(c4c(c(c3s1)SC)c(cs4)OC)SC)OC)SC)SC)c1c(c(cn1C)SC)SC)nn(n2)C
4992,2.4140853225377654,5.7292167006450585,1,c1(ncc(c2c1nn(n2)C)c1c(c2c(c3c(c(c2n1C)c1cc(c(c(c1)C)C)C)c(c(c1nccc2c1nn(n2)C)n3C)C)c1cc(c(c(c1)C)C)C)C)c1c(c2c(c(c3c(c2c2cc(c(c(c2)C)C)C)n(cc3C)C)c2cc(c(c(c2)C)C)C)n1C)C
4994,2.3900304572922235,1.417346857923468,1,c1(nccc2c1nn(n2)C)c1cc2c(c(c3c(c2c2ccccc2)n(c(c3)c2cnc(c3c2nn(n3)C)c2cc3c(c(c4c(c3c3ccccc3)n(cc4)C)c3ccccc3)n2C)C)c2ccccc2)n1C
4995,2.3323967416926137,6.011186889039871,1,c1(ncc(c2c1nn(n2)C)c1c(c2c(c3c(c(c2n1C)c1ccccc1)c(c(c1nccc2c1nn(n2)C)n3C)OC)c1ccccc1)OC)c1c(c2c(c(c3c(c2c2ccccc2)n(cc3OC)C)c2ccccc2)n1C)OC
4997,2.3749281380486997,6.9847538969066205,1,c1(ncc(c2c1nn(n2)C)c1c(c2c(c3c(c(c2n1C)c1ccccc1)c(c(c1nccc2c1nn(n2)C)n3C)SC)c1ccccc1)SC)c1c(c2c(c(c3c(c2c2ccccc2)n(cc3SC)C)c2ccccc2)n1C)SC
5005,2.4375415372907687,5.708249893730019,1,c1(ncc(c2c1nn(n2)C)c1c(c2c(c3c(c(c2n1C)c1cc(c(c(c1)OC)OC)OC)c(c(c1nccc2c1nn(n2)C)n3C)F)c1cc(c(c(c1)OC)OC)OC)F)c1c(c2c(c(c3c(c2c2cc(c(c(c2)OC)OC)OC)n(cc3F)C)c2cc(c(c(c2)OC)OC)OC)n1C)F
5012,2.157182627081714,7.781996848513539,1,c1(ncc(c2c1non2)c1cc(c(c2c(cc(c3nccc4c3non4)n2C)F)n1C)F)c1cc(c(n1C)c1c(ccn1C)F)F
5022,2.4710931762588144,6.180500924725237,1,c1(ncc(c2c1nn(n2)C)c1c(c2c(c3c(c(c2n1C)c1cc(c(c(c1)C)C)C)c(c(c1nccc2c1nn(n2)C)n3C)F)c1cc(c(c(c1)C)C)C)F)c1c(c2c(c(c3c(c2c2cc(c(c(c2)C)C)C)n(cc3F)C)c2cc(c(c(c2)C)C)C)n1C)F
5026,2.560890750139225,6.284644603683878,1,c1(ncc(c2c1nn(n2)C)c1c(c2c(c3c(c(c2n1C)c1cc(c(c(c1)F)F)F)c(c(c1nccc2c1nn(n2)C)n3C)C)c1cc(c(c(c1)F)F)F)C)c1c(c2c(c(c3c(c2c2cc(c(c(c2)F)F)F)n(cc3C)C)c2cc(c(c(c2)F)F)F)n1C)C
5029,2.3942482221260004,5.867173766627826,1,c1(ncc(c2c1nn(n2)C)c1cc2c(c3c(c(c2n1C)c1cc(c(c(c1)C)C)C)cc(c1nccc2c1nn(n2)C)n3C)c1cc(c(c(c1)C)C)C)c1cc2c(c(c3c(c2c2cc(c(c(c2)C)C)C)n(cc3)C)c2cc(c(c(c2)C)C)C)n1C
5035,2.5581696115367896,6.506674178563013,1,c1(ncc(c2c1nn(n2)C)c1c(c2c(c3c(c(c2n1C)c1cc(c(c(c1)F)F)F)c(c(c1nccc2c1nn(n2)C)n3C)F)c1cc(c(c(c1)F)F)F)F)c1c(c2c(c(c3c(c2c2cc(c(c(c2)F)F)F)n(cc3F)C)c2cc(c(c(c2)F)F)F)n1C)F
5037,2.1788156789710853,5.793100329283,1,c1(nccc2c1non2)c1cc(c(n1C)c1c(cc(n1C)c1cnc(c2c1non2)c1cc(c(n1C)c1c(ccn1C)C)C)C)C
5038,2.5287541032444483,5.63830721287282,1,c1(ncc(c2c1nn(n2)C)c1cc2c(c3c(c(c2n1C)c1cc(c(c(c1)F)F)F)cc(c1nccc2c1nn(n2)C)n3C)c1cc(c(c(c1)F)F)F)c1cc2c(c(c3c(c2c2cc(c(c(c2)F)F)F)n(cc3)C)c2cc(c(c(c2)F)F)F)n1C
5039,2.0876303244034307,6.688746296741807,1,c1(ncc(c2c1non2)c1ccc(c2ccc(c3nccc4c3non4)n2C)n1C)c1ccc(n1C)c1cccn1C
5040,2.448317246156418,5.93514494788437,1,c1(ncc(c2c1nn(n2)C)c1c(c2c(c3c(c(c2n1C)c1cc(c(c(c1)F)F)F)c(c(c1nccc2c1nn(n2)C)n3C)OC)c1cc(c(c(c1)F)F)F)OC)c1c(c2c(c(c3c(c2c2cc(c(c(c2)F)F)F)n(cc3OC)C)c2cc(c(c(c2)F)F)F)n1C)OC
5042,2.4399361392609134,10.20185956998409,1,c1(ncc(c2c1nn(n2)C)c1c(c2c(c3c(c(c2n1C)c1cc(c(c(c1)OC)OC)OC)c(c(c1nccc2c1nn(n2)C)n3C)C)c1cc(c(c(c1)OC)OC)OC)C)c1c(c2c(c(c3c(c2c2cc(c(c(c2)OC)OC)OC)n(cc3C)C)c2cc(c(c(c2)OC)OC)OC)n1C)C
5044,1.8198158631516088,7.152324271682758,1,c1(ncc(c2c1non2)c1cc(c(c2c(cc(c3nccc4c3non4)n2C)OC)n1C)OC)c1cc(c(n1C)c1c(ccn1C)OC)OC
5045,1.8595716981332089,5.877122479722916,1,c1(ncc(c2c1non2)c1c(c2c(c3c(c(c2n1C)c1cc(c(c(c1)C)C)C)c(c(c1nccc2c1non2)n3C)F)c1cc(c(c(c1)C)C)C)F)c1c(c2c(c(c3c(c2c2cc(c(c(c2)C)C)C)n(cc3F)C)c2cc(c(c(c2)C)C)C)n1C)F
5050,1.83023782399894,5.34019284993034,1,c1(nccc2c1non2)c1c(c2c(c(c3c(c2OC)n(c(c3F)c2cnc(c3c2non3)c2c(c3c(c(c4c(c3OC)n(cc4F)C)OC)n2C)F)C)OC)n1C)F
5056,1.9876829035359296,2.1480085203452783,1,c1(ncc(c2c1nsn2)c1c(c2c(c3c(c(c2n1C)c1cc(c(c(c1)F)F)F)c(c(c1nccc2c1nsn2)n3C)F)c1cc(c(c(c1)F)F)F)F)c1c(c2c(c(c3c(c2c2cc(c(c(c2)F)F)F)n(cc3F)C)c2cc(c(c(c2)F)F)F)n1C)F
5062,2.021207331117951,4.322790277573988,1,c1(ncc(c2c1non2)c1c(c2c(c3c(c(c2n1C)c1cc(c(c(c1)F)F)F)c(c(c1nccc2c1non2)n3C)F)c1cc(c(c(c1)F)F)F)F)c1c(c2c(c(c3c(c2c2cc(c(c(c2)F)F)F)n(cc3F)C)c2cc(c(c(c2)F)F)F)n1C)F
5064,1.713392132410308,2.602502131464468,1,c1(ncc(c2c1non2)c1c(c2c(c3c(c(c2n1C)c1cc(c(c(c1)F)F)F)c(c(c1nccc2c1non2)n3C)SC)c1cc(c(c(c1)F)F)F)SC)c1c(c2c(c(c3c(c2c2cc(c(c(c2)F)F)F)n(cc3SC)C)c2cc(c(c(c2)F)F)F)n1C)SC
5070,1.736276908056801,7.535554948382617,1,c1(nccc2c1non2)c1c(c2c(c(c3c(c2c2ccccc2)n(c(c3OC)c2cnc(c3c2non3)c2c(c3c(c(c4c(c3c3ccccc3)n(cc4OC)C)c3ccccc3)n2C)OC)C)c2ccccc2)n1C)OC
5072,1.863408503562645,5.13519788881908,1,c1(nccc2c1non2)c1cc2c(c(c3c(c2c2ccccc2)n(c(c3)c2cnc(c3c2non3)c2cc3c(c(c4c(c3c3ccccc3)n(cc4)C)c3ccccc3)n2C)C)c2ccccc2)n1C
5092,1.93995413244919,5.572928362711998,1,c1(ncc(c2c1non2)c1c(c2c(c3c(c(c2n1C)c1cc(c(c(c1)SC)SC)SC)c(c(c1nccc2c1non2)n3C)F)c1cc(c(c(c1)SC)SC)SC)F)c1c(c2c(c(c3c(c2c2cc(c(c(c2)SC)SC)SC)n(cc3F)C)c2cc(c(c(c2)SC)SC)SC)n1C)F
5101,1.8395985407913236,9.7486863581002,1,c1(ncc(c2c1non2)c1c(c2c(c3c(c(c2n1C)c1cc(c(c(c1)SC)SC)SC)c(c(c1nccc2c1non2)n3C)C)c1cc(c(c(c1)SC)SC)SC)C)c1c(c2c(c(c3c(c2c2cc(c(c(c2)SC)SC)SC)n(cc3C)C)c2cc(c(c(c2)SC)SC)SC)n1C)C
5103,2.4284529343586296,6.74780945800102,1,c1(ncc(c2c1nn(n2)C)c1cc2c(c3c(c(c2n1C)c1cc(c(c(c1)OC)OC)OC)cc(c1nccc2c1nn(n2)C)n3C)c1cc(c(c(c1)OC)OC)OC)c1cc2c(c(c3c(c2c2cc(c(c(c2)OC)OC)OC)n(cc3)C)c2cc(c(c(c2)OC)OC)OC)n1C
5105,2.4034456706022356,6.757265023204068,1,c1(ncc(c2c1nn(n2)C)c1c(c2c(c3c(c(c2n1C)c1cc(c(c(c1)OC)OC)OC)c(c(c1nccc2c1nn(n2)C)n3C)SC)c1cc(c(c(c1)OC)OC)OC)SC)c1c(c2c(c(c3c(c2c2cc(c(c(c2)OC)OC)OC)n(cc3SC)C)c2cc(c(c(c2)OC)OC)OC)n1C)SC
5107,2.2973756878792533,5.458406397047108,1,c1(ncc(c2c1nn(n2)C)c1c(c2c(c3c(c(c2n1C)c1cc(c(c(c1)OC)OC)OC)c(c(c1nccc2c1nn(n2)C)n3C)OC)c1cc(c(c(c1)OC)OC)OC)OC)c1c(c2c(c(c3c(c2c2cc(c(c(c2)OC)OC)OC)n(cc3OC)C)c2cc(c(c(c2)OC)OC)OC)n1C)OC
5112,2.4875288534175315,5.885028321495677,1,c1(ncc(c2c1nn(n2)C)c1c(c2c(c3c(c(c2n1C)c1cc(c(c(c1)SC)SC)SC)c(c(c1nccc2c1nn(n2)C)n3C)F)c1cc(c(c(c1)SC)SC)SC)F)c1c(c2c(c(c3c(c2c2cc(c(c(c2)SC)SC)SC)n(cc3F)C)c2cc(c(c(c2)SC)SC)SC)n1C)F
5122,2.446875042697126,5.271395744465743,1,c1(ncc(c2c1nn(n2)C)c1cc2c(c3c(c(c2n1C)c1cc(c(c(c1)SC)SC)SC)cc(c1nccc2c1nn(n2)C)n3C)c1cc(c(c(c1)SC)SC)SC)c1cc2c(c(c3c(c2c2cc(c(c(c2)SC)SC)SC)n(cc3)C)c2cc(c(c(c2)SC)SC)SC)n1C
5123,2.179414329463621,8.751280795190485,1,c1(ncc(c2c1non2)c1cc(c(c2c(cc(c3nccc4c3non4)n2C)SC)n1C)SC)c1cc(c(n1C)c1c(ccn1C)SC)SC
5125,1.8432992892906364,5.872471082012491,1,c1(ncc(c2c1non2)c1c(c2c(c3c(c(c2n1C)C)c(c(c1nccc2c1non2)n3C)F)C)F)c1c(c2c(c(c3c(c2C)n(cc3F)C)C)n1C)F
5128,1.9720363565719188,4.611169895752276,1,c1(ncc(c2c1non2)c1c(c2c(c3c(c(c2n1C)F)c(c(c1nccc2c1non2)n3C)F)F)F)c1c(c2c(c(c3c(c2F)n(cc3F)C)F)n1C)F
5129,1.9744581699280876,5.671154994391032,1,c1(ncc(c2c1non2)c1c(c2cc3c(cc2n1C)c(c(c1nccc2c1non2)n3C)F)F)c1c(c2c(cc3c(c2)n(cc3F)C)n1C)F
5132,1.9150285028508696,4.987964636117784,1,c1(nccc2c1non2)c1c(c2c(c(c3c(c2SC)n(c(c3F)c2cnc(c3c2non3)c2c(c3c(c(c4c(c3SC)n(cc4F)C)SC)n2C)F)C)SC)n1C)F
5138,1.7469165599923282,7.695010051492069,1,c1(ncc(c2c1non2)c1c(c2c(c3c(c(c2n1C)c1cc(c(c(c1)C)C)C)c(c(c1nccc2c1non2)n3C)OC)c1cc(c(c(c1)C)C)C)OC)c1c(c2c(c(c3c(c2c2cc(c(c(c2)C)C)C)n(cc3OC)C)c2cc(c(c(c2)C)C)C)n1C)OC
5143,1.9092052662416543,5.534246462600137,1,c1(nccc2c1non2)c1c(c2c(c(c3c(c2c2ccccc2)n(c(c3F)c2cnc(c3c2non3)c2c(c3c(c(c4c(c3c3ccccc3)n(cc4F)C)c3ccccc3)n2C)F)C)c2ccccc2)n1C)F
5147,1.877367944593145,6.020700884903387,1,c1(ncc(c2c1non2)c1c(c2c(c3c(c(c2n1C)c1cc(c(c(c1)OC)OC)OC)c(c(c1nccc2c1non2)n3C)F)c1cc(c(c(c1)OC)OC)OC)F)c1c(c2c(c(c3c(c2c2cc(c(c(c2)OC)OC)OC)n(cc3F)C)c2cc(c(c(c2)OC)OC)OC)n1C)F
5149,1.8358705809059852,9.098537601501743,1,c1(ncc(c2c1non2)c1cc2c(c3c(c(c2n1C)c1cc(c(c(c1)OC)OC)OC)cc(c1nccc2c1non2)n3C)c1cc(c(c(c1)OC)OC)OC)c1cc2c(c(c3c(c2c2cc(c(c(c2)OC)OC)OC)n(cc3)C)c2cc(c(c(c2)OC)OC)OC)n1C
5150,1.7550799757996378,11.781271967936522,1,c1(ncc(c2c1non2)c1c(c2c(c3c(c(c2n1C)c1cc(c(c(c1)OC)OC)OC)c(c(c1nccc2c1non2)n3C)OC)c1cc(c(c(c1)OC)OC)OC)OC)c1c(c2c(c(c3c(c2c2cc(c(c(c2)OC)OC)OC)n(cc3OC)C)c2cc(c(c(c2)OC)OC)OC)n1C)OC
5152,1.850455883815045,13.792159858230912,1,c1(ncc(c2c1non2)c1c(c2c(c3c(c(c2n1C)c1cc(c(c(c1)SC)SC)SC)c(c(c1nccc2c1non2)n3C)OC)c1cc(c(c(c1)SC)SC)SC)OC)c1c(c2c(c(c3c(c2c2cc(c(c(c2)SC)SC)SC)n(cc3OC)C)c2cc(c(c(c2)SC)SC)SC)n1C)OC
5155,1.7871621999223681,2.961890162360901,1,c1(nccc2c1nsn2)c1c(c2c(c(c3c(c2C)n(c(c3F)c2cnc(c3c2nsn3)c2c(c3c(c(c4c(c3C)n(cc4F)C)C)n2C)F)C)C)n1C)F
5158,1.9237633577646909,2.525335481793276,1,c1(nccc2c1nsn2)c1c(c2c(c(c3c(c2F)n(c(c3F)c2cnc(c3c2nsn3)c2c(c3c(c(c4c(c3F)n(cc4F)C)F)n2C)F)C)F)n1C)F
5162,1.9514101259654484,2.9339013219943637,1,c1(nccc2c1nsn2)c1c(c2c(cc3c(c2)n(c(c3F)c2cnc(c3c2nsn3)c2c(c3c(cc4c(c3)n(cc4F)C)n2C)F)C)n1C)F
5167,1.814455220104808,2.26674486950485,1,c1(ncc(c2c1nsn2)c1c(c2c(c3c(c(c2n1C)c1cc(c(c(c1)F)F)F)c(c(c1nccc2c1nsn2)n3C)OC)c1cc(c(c(c1)F)F)F)OC)c1c(c2c(c(c3c(c2c2cc(c(c(c2)F)F)F)n(cc3OC)C)c2cc(c(c(c2)F)F)F)n1C)OC
5169,1.6714865979327822,3.7212749875420283,1,c1(nccc2c1nsn2)c1c(c2c(c(c3c(c2c2ccccc2)n(c(c3OC)c2cnc(c3c2nsn3)c2c(c3c(c(c4c(c3c3ccccc3)n(cc4OC)C)c3ccccc3)n2C)OC)C)c2ccccc2)n1C)OC
5170,1.7193242145636205,2.656558816647459,1,c1(nccc2c1nsn2)c1c(c2c(c(c3c(c2c2ccccc2)n(c(c3C)c2cnc(c3c2nsn3)c2c(c3c(c(c4c(c3c3ccccc3)n(cc4C)C)c3ccccc3)n2C)C)C)c2ccccc2)n1C)C
5171,1.5896075373854617,2.6108209580799233,1,c1(ncc(c2c1nsn2)c1c(c2c(c3c(c(c2n1C)c1ccccc1)c(c(c1nccc2c1nsn2)n3C)SC)c1ccccc1)SC)c1c(c2c(c(c3c(c2c2ccccc2)n(cc3SC)C)c2ccccc2)n1C)SC
5174,1.8638438857390345,2.730971821017132,1,c1(nccc2c1nsn2)c1c(c2c(c(c3c(c2c2ccccc2)n(c(c3F)c2cnc(c3c2nsn3)c2c(c3c(c(c4c(c3c3ccccc3)n(cc4F)C)c3ccccc3)n2C)F)C)c2ccccc2)n1C)F
5175,1.8465918669995856,4.3007206635183355,1,c1(nccc2c1nsn2)c1cc2c(c(c3c(c2c2ccccc2)n(c(c3)c2cnc(c3c2nsn3)c2cc3c(c(c4c(c3c3ccccc3)n(cc4)C)c3ccccc3)n2C)C)c2ccccc2)n1C
5180,2.9568708395658185,6.3582741719795886,1,c12c(c(cnc1c1c(c(c(c3cc(c(s3)c3c(ccs3)SC)SC)n1C)C)C)c1c(c(c(n1C)c1sc(c3sc(c4c(c(c(c5c6c(c(cn5)c5c(c(cn5C)C)C)nn(n6)C)n4C)C)C)cc3SC)c(c1)SC)C)C)nn(n2)C
5183,2.9455509029796816,7.837752567840693,1,c12c(c(cnc1c1c(c(c(c3cc(c(s3)c3c(ccs3)C)C)n1C)C)C)c1c(c(c(n1C)c1sc(c3sc(c4c(c(c(c5c6c(c(cn5)c5c(c(cn5C)C)C)nn(n6)C)n4C)C)C)cc3C)c(c1)C)C)C)nn(n2)C
5187,1.805584308260864,5.705903890212976,1,c12c(c(cnc1c1ccc(c3ccc(c4ccc(n4C)c4ccc(c5c6c(c(c7ccc(c8ccc(c9cccn9C)n8C)o7)nc5)[N]O[N]6)o4)n3C)o1)c1ccco1)non2
5188,2.479991299488782,0.9991190961176596,1,c12c(c(cnc1c1c(c(c(c3ccc(c4ccco4)o3)n1C)C)C)c1c(c(c(n1C)c1ccc(c3ccc(c4c(c(c(c5c6c(c(cn5)c5c(c(cn5C)C)C)nn(n6)C)n4C)C)C)o3)o1)C)C)nn(n2)C
5189,2.4926445939901125,7.1673323834416935,1,c12c(c(cnc1c1c(c(c(c3cc(c(s3)c3c(ccs3)OC)OC)n1C)C)C)c1c(c(c(n1C)c1sc(c3sc(c4c(c(c(c5c6c(c(cn5)c5c(c(cn5C)C)C)nn(n6)C)n4C)C)C)cc3OC)c(c1)OC)C)C)nn(n2)C
5194,1.7785906133246925,3.1979538631960263,1,c1(ncc(c2c1nsn2)c1c(c2c(c3c(c(c2n1C)OC)c(c(c1nccc2c1nsn2)n3C)F)OC)F)c1c(c2c(c(c3c(c2OC)n(cc3F)C)OC)n1C)F
5197,1.8762522777661448,2.2911950911473,1,c1(ncc(c2c1nsn2)c1c(c2c(c3c(c(c2n1C)SC)c(c(c1nccc2c1nsn2)n3C)F)SC)F)c1c(c2c(c(c3c(c2SC)n(cc3F)C)SC)n1C)F
5202,1.814291951788661,3.079681298387205,1,c1(ncc(c2c1nsn2)c1c(c2c(c3c(c(c2n1C)c1cc(c(c(c1)C)C)C)c(c(c1nccc2c1nsn2)n3C)F)c1cc(c(c(c1)C)C)C)F)c1c(c2c(c(c3c(c2c2cc(c(c(c2)C)C)C)n(cc3F)C)c2cc(c(c(c2)C)C)C)n1C)F
5208,1.7896656474366093,4.63403484144102,1,c1(ncc(c2c1nsn2)c1cc2c(c3c(c(c2n1C)c1cc(c(c(c1)C)C)C)cc(c1nccc2c1nsn2)n3C)c1cc(c(c(c1)C)C)C)c1cc2c(c(c3c(c2c2cc(c(c(c2)C)C)C)n(cc3)C)c2cc(c(c(c2)C)C)C)n1C
5211,1.6197033303284116,4.094835452529748,1,c1(ncc(c2c1nsn2)c1c(c2c(c3c(c(c2n1C)c1cc(c(c(c1)C)C)C)c(c(c1nccc2c1nsn2)n3C)OC)c1cc(c(c(c1)C)C)C)OC)c1c(c2c(c(c3c(c2c2cc(c(c(c2)C)C)C)n(cc3OC)C)c2cc(c(c(c2)C)C)C)n1C)OC
5213,1.8518436645022884,1.6127707363956276,1,c1(ncc(c2c1nsn2)c1c(c2c(c3c(c(c2n1C)c1cc(c(c(c1)F)F)F)c(c(c1nccc2c1nsn2)n3C)C)c1cc(c(c(c1)F)F)F)C)c1c(c2c(c(c3c(c2c2cc(c(c(c2)F)F)F)n(cc3C)C)c2cc(c(c(c2)F)F)F)n1C)C
5215,1.9707846328147969,3.1877154589908363,1,c1(ncc(c2c1nsn2)c1cc2c(c3c(c(c2n1C)c1cc(c(c(c1)F)F)F)cc(c1nccc2c1nsn2)n3C)c1cc(c(c(c1)F)F)F)c1cc2c(c(c3c(c2c2cc(c(c(c2)F)F)F)n(cc3)C)c2cc(c(c(c2)F)F)F)n1C
5218,1.7026436349306828,8.823470077231049,1,c1(ncc(c2c1nsn2)c1c(c2c(c3c(c(c2n1C)c1cc(c(c(c1)OC)OC)OC)c(c(c1nccc2c1nsn2)n3C)C)c1cc(c(c(c1)OC)OC)OC)C)c1c(c2c(c(c3c(c2c2cc(c(c(c2)OC)OC)OC)n(cc3C)C)c2cc(c(c(c2)OC)OC)OC)n1C)C
5221,1.8103463008151284,4.357621222797297,1,c1(ncc(c2c1nsn2)c1cc2c(c3c(c(c2n1C)c1cc(c(c(c1)OC)OC)OC)cc(c1nccc2c1nsn2)n3C)c1cc(c(c(c1)OC)OC)OC)c1cc2c(c(c3c(c2c2cc(c(c(c2)OC)OC)OC)n(cc3)C)c2cc(c(c(c2)OC)OC)OC)n1C
5225,1.8327140601271583,2.8454058193023615,1,c1(ncc(c2c1nsn2)c1c(c2c(c3c(c(c2n1C)c1cc(c(c(c1)OC)OC)OC)c(c(c1nccc2c1nsn2)n3C)F)c1cc(c(c(c1)OC)OC)OC)F)c1c(c2c(c(c3c(c2c2cc(c(c(c2)OC)OC)OC)n(cc3F)C)c2cc(c(c(c2)OC)OC)OC)n1C)F
5227,2.710743852975416,7.143534006785269,1,c12c(c(cnc1c1c(c(c(c3cc(c(s3)c3c(ccs3)F)F)n1C)C)C)c1c(c(c(n1C)c1sc(c3sc(c4c(c(c(c5c6c(c(cn5)c5c(c(cn5C)C)C)[N]N([N]6)C)n4C)C)C)cc3F)c(c1)F)C)C)nn(n2)C
5228,2.6734914655080573,2.3430285397862645,1,c12c(c(cnc1c1c(c(c(c3ccc(s3)c3cccs3)n1C)C)C)c1c(c(c(n1C)c1sc(c3sc(c4c(c(c(c5c6c(c(cn5)c5c(c(cn5C)C)C)nn(n6)C)n4C)C)C)cc3)cc1)C)C)nn(n2)C
5230,2.8530049791108083,6.3587396787691,1,c12c(c(cnc1c1c(c(c(c3ccc(c4cccn4C)n3C)n1C)C)C)c1c(c(c(n1C)c1ccc(c3ccc(c4c(c(c(c5c6c(c(cn5)c5c(c(cn5C)C)C)nn(n6)C)n4C)C)C)n3C)n1C)C)C)nn(n2)C
5234,2.245837322749101,5.475304371216719,1,c12c(c(cnc1c1c(c(c(s1)c1cc(c(c3c(c(cn3C)c3c(c(c(c4c5c(c(c6c(c(c(s6)c6cc(c(c7c(ccn7C)SC)n6C)SC)C)C)nc4)nsn5)s3)C)C)SC)n1C)SC)C)C)c1c(c(cs1)C)C)nsn2
5235,2.6572734794375346,7.670425947360259,1,c12c(c(cnc1c1c(c(c(c3ccc(c4ccc(n4C)c4c(c(c(c5c6c(c(c7c(c(c(c8ccc(c9cccn9C)n8C)n7C)F)F)nc5)nn(n6)C)n4C)F)F)n3C)n1C)F)F)c1c(c(cn1C)F)F)nn(n2)C
5239,2.916706833793852,14.721002295938282,1,c12c(c(cnc1c1c(c(c(c3cc(c(s3)c3c(ccs3)C)C)n1C)F)F)c1c(c(c(n1C)c1sc(c3sc(c4c(c(c(c5c6c(c(cn5)c5c(c(cn5C)F)F)nn(n6)C)n4C)F)F)cc3C)c(c1)C)F)F)nn(n2)C
5240,2.594524023265344,14.292805052358565,1,c12c(c(cnc1c1c(c(c(c3cc(c(s3)c3c(ccs3)F)F)n1C)F)F)c1c(c(c(n1C)c1sc(c3sc(c4c(c(c(c5c6c(c(cn5)c5c(c(cn5C)F)F)nn(n6)C)n4C)F)F)cc3F)c(c1)F)F)F)nn(n2)C
5242,1.9594646962286608,3.3894343679296988,1,c12c(c(cnc1c1ccc(s1)c1cc(c(c3c(cc(n3C)c3ccc(c4c5c(c(c6ccc(s6)c6cc(c(c7c(ccn7C)C)n6C)C)nc4)nsn5)s3)C)n1C)C)c1cccs1)nsn2
5244,2.474222485651616,15.912783005268993,1,c12c(c(cnc1c1c(c(c(c3ccc(c4ccco4)o3)n1C)F)F)c1c(c(c(n1C)c1ccc(c3ccc(c4c(c(c(c5c6c(c(cn5)c5c(c(cn5C)F)F)nn(n6)C)n4C)F)F)o3)o1)F)F)nn(n2)C
5254,1.9622130462171212,8.645666866298004,1,c12c(c(cnc1c1c(c(c(s1)c1cc(c(c3c(cc(n3C)c3c(c(c(c4c5c(c(c6c(c(c(s6)c6cc(c(c7c(ccn7C)C)n6C)C)F)F)nc4)nsn5)s3)F)F)C)n1C)C)F)F)c1c(c(cs1)F)F)nsn2
5265,2.729982302894644,7.3860865975880134,1,c12c(c(cnc1c1c(c(c(c3cc(c(s3)c3c(ccs3)C)C)n1C)OC)OC)c1c(c(c(n1C)c1sc(c3sc(c4c(c(c(c5c6c(c(cn5)c5c(c(cn5C)OC)OC)[N]N([N]6)C)n4C)OC)OC)cc3C)c(c1)C)OC)OC)nn(n2)C
5266,1.85695940507487,7.726305892628408,1,c12c(c(cnc1c1ccc(c3cc(c(c4c(cc(n4C)c4ccc(c5c6c(c(c7ccc(c8cc(c(c9c(ccn9C)F)n8C)F)o7)nc5)[N]O[N]6)o4)F)n3C)F)o1)c1ccco1)[N]O[N]2
5267,1.6317035515651577,4.69555800684926,1,c1(ncc(c2c1nsn2)c1c(c2c(c3c(c(c2n1C)c1cc(c(c(c1)OC)OC)OC)c(c(c1nccc2c1nsn2)n3C)SC)c1cc(c(c(c1)OC)OC)OC)SC)c1c(c2c(c(c3c(c2c2cc(c(c(c2)OC)OC)OC)n(cc3SC)C)c2cc(c(c(c2)OC)OC)OC)n1C)SC
5269,1.6653640360772992,6.095902873989388,1,c1(ncc(c2c1nsn2)c1c(c2c(c3c(c(c2n1C)c1cc(c(c(c1)OC)OC)OC)c(c(c1nccc2c1nsn2)n3C)OC)c1cc(c(c(c1)OC)OC)OC)OC)c1c(c2c(c(c3c(c2c2cc(c(c(c2)OC)OC)OC)n(cc3OC)C)c2cc(c(c(c2)OC)OC)OC)n1C)OC
5273,1.904089525669073,2.3122064735899417,1,c1(ncc(c2c1nsn2)c1c(c2c(c3c(c(c2n1C)c1cc(c(c(c1)SC)SC)SC)c(c(c1nccc2c1nsn2)n3C)F)c1cc(c(c(c1)SC)SC)SC)F)c1c(c2c(c(c3c(c2c2cc(c(c(c2)SC)SC)SC)n(cc3F)C)c2cc(c(c(c2)SC)SC)SC)n1C)F
5275,1.7350796070717285,3.0215387009944585,1,c1(ncc(c2c1nsn2)c1c(c2c(c3c(c(c2n1C)c1cc(c(c(c1)SC)SC)SC)c(c(c1nccc2c1nsn2)n3C)OC)c1cc(c(c(c1)SC)SC)SC)OC)c1c(c2c(c(c3c(c2c2cc(c(c(c2)SC)SC)SC)n(cc3OC)C)c2cc(c(c(c2)SC)SC)SC)n1C)OC
5281,1.7576378460859292,7.9895836424976245,1,c1(ncc(c2c1nsn2)c1c(c2c(c3c(c(c2n1C)c1cc(c(c(c1)SC)SC)SC)c(c(c1nccc2c1nsn2)n3C)C)c1cc(c(c(c1)SC)SC)SC)C)c1c(c2c(c(c3c(c2c2cc(c(c(c2)SC)SC)SC)n(cc3C)C)c2cc(c(c(c2)SC)SC)SC)n1C)C
5282,1.883000701500189,3.6736735050284537,1,c1(ncc(c2c1nsn2)c1cc2c(c3c(c(c2n1C)c1cc(c(c(c1)SC)SC)SC)cc(c1nccc2c1nsn2)n3C)c1cc(c(c(c1)SC)SC)SC)c1cc2c(c(c3c(c2c2cc(c(c(c2)SC)SC)SC)n(cc3)C)c2cc(c(c(c2)SC)SC)SC)n1C
5283,2.832895764838801,7.866585310944752,1,c12c(c(cnc1c1ccc(c3cc(c(s3)c3c(ccs3)SC)SC)n1C)c1ccc(n1C)c1sc(c3sc(c4ccc(c5c6c(c(cn5)c5cccn5C)[N]N([N]6)C)n4C)cc3SC)c(c1)SC)[N]N([N]2)C
5285,2.6021432113521668,8.984251852287784,1,c12c(c(cnc1c1ccc(c3ccc(s3)c3ccc(s3)c3ccc(c4c5c(c(c6ccc(c7ccc(s7)c7cccs7)n6C)nc4)nn(n5)C)n3C)n1C)c1cccn1C)[N]N([N]2)C
5287,2.339362856514852,5.8258651303513656,1,c12c(c(cnc1c1c(c(c(c3ccc(c4ccco4)o3)n1C)OC)OC)c1c(c(c(n1C)c1ccc(c3ccc(c4c(c(c(c5c6c(c(cn5)c5c(c(cn5C)OC)OC)nn(n6)C)n4C)OC)OC)o3)o1)OC)OC)nn(n2)C
5296,1.7445219580221831,3.9067011664638622,1,c12c(c(cnc1c1c(c(c(s1)c1cc(c(c3c(ccn3C)OC)n1C)OC)C)C)c1c(c(c(s1)c1cc(c(c3c(cc(c4c(c(c(c5c6c(c(cn5)c5c(c(cs5)C)C)nsn6)s4)C)C)n3C)OC)n1C)OC)C)C)nsn2
5297,2.5911770227843465,13.864811906352534,1,c12c(c(cnc1c1c(c(c(c3ccc(s3)c3ccc(s3)c3c(c(c(c4c5c(c(c6c(c(c(c7ccc(s7)c7cccs7)n6C)F)F)nc4)nn(n5)C)n3C)F)F)n1C)F)F)c1c(c(cn1C)F)F)[N]N([N]2)C
5298,2.270109879082837,14.246987071768821,1,c12c(c(cnc1c1c(c(c(c3cc(c(s3)c3c(ccs3)OC)OC)n1C)F)F)c1c(c(c(n1C)c1sc(c3sc(c4c(c(c(c5c6c(c(cn5)c5c(c(cn5C)F)F)nn(n6)C)n4C)F)F)cc3OC)c(c1)OC)F)F)nn(n2)C
5299,2.818909112422276,11.555705824751644,1,c12c(c(cnc1c1c(c(c(c3cc(c(s3)c3c(cc(s3)c3c(c(c(c4c5c(c(c6c(c(c(c7cc(c(s7)c7c(ccs7)SC)SC)n6C)F)F)nc4)nn(n5)C)n3C)F)F)SC)SC)n1C)F)F)c1c(c(cn1C)F)F)nn(n2)C
5300,2.847372222203764,7.164220837656145,1,c12c(c(cnc1c1c(c(c(c3ccc(s3)c3cccs3)n1C)SC)SC)c1c(c(c(n1C)c1sc(c3sc(c4c(c(c(c5c6c(c(cn5)c5c(c(cn5C)SC)SC)[N]N([N]6)C)n4C)SC)SC)cc3)cc1)SC)SC)nn(n2)C
5306,1.7555697807480768,9.9573848784438,1,c12c(c(cnc1c1c(c(c(s1)c1ccc(c3cccn3C)n1C)F)F)c1c(c(c(s1)c1ccc(c3ccc(c4c(c(c(c5c6c(c(cn5)c5c(c(cs5)F)F)nsn6)s4)F)F)n3C)n1C)F)F)nsn2
5315,2.5939253727728078,9.32998869926492,1,c12c(c(cnc1c1ccc(c3cc(c(s3)c3c(cc(s3)c3ccc(c4c5c(c(c6ccc(c7cc(c(s7)c7c(ccs7)F)F)n6C)nc4)nn(n5)C)n3C)F)F)n1C)c1cccn1C)nn(n2)C
5317,2.4856784791678748,9.266653342533733,1,c12c(c(cnc1c1ccc(c3ccc(c4ccc(o4)c4ccc(c5c6c(c(c7ccc(c8ccc(c9ccco9)o8)n7C)nc5)nn(n6)C)n4C)o3)n1C)c1cccn1C)nn(n2)C
5319,2.897495595260649,9.126651454119356,1,c12c(c(cnc1c1ccc(c3cc(c(s3)c3c(cc(s3)c3ccc(c4c5c(c(c6ccc(c7cc(c(s7)c7c(ccs7)C)C)n6C)nc4)nn(n5)C)n3C)C)C)n1C)c1cccn1C)nn(n2)C
5320,2.6504978443174667,8.254687100280782,1,c12c(c(cnc1c1ccc(c3ccc(c4ccc(n4C)c4ccc(c5c6c(c(c7ccc(c8ccc(c9cccn9C)n8C)n7C)nc5)[N]N([N]6)C)n4C)n3C)n1C)c1cccn1C)nn(n2)C
5322,2.3239612120250595,8.735125113203326,1,c12c(c(cnc1c1ccc(c3cc(c(s3)c3c(cc(s3)c3ccc(c4c5c(c(c6ccc(c7cc(c(s7)c7c(ccs7)OC)OC)n6C)nc4)nn(n5)C)n3C)OC)OC)n1C)c1cccn1C)nn(n2)C
5324,1.8853136693122603,6.482361111629618,1,c12c(c(cnc1c1ccc(c3cc(c(c4c(ccn4C)C)n3C)C)o1)c1ccc(o1)c1cc(c(c3c(cc(c4ccc(c5c6c(c(cn5)c5ccco5)non6)o4)n3C)C)n1C)C)non2
5327,1.598723351703624,6.712003934650504,1,c12c(c(cnc1c1ccc(c3cc(c(c4c(ccn4C)OC)n3C)OC)o1)c1ccc(o1)c1cc(c(c3c(cc(c4ccc(c5c6c(c(cn5)c5ccco5)non6)o4)n3C)OC)n1C)OC)non2
5330,1.7978834860159685,3.788512828128283,1,c12c(c(cnc1c1ccc(s1)c1ccc(c3cccn3C)n1C)c1ccc(s1)c1ccc(c3ccc(c4ccc(c5c6c(c(cn5)c5cccs5)nsn6)s4)n3C)n1C)nsn2
5331,2.312750120983021,2.8730113008251887,1,c12c(c(cnc1c1c(c(c(s1)c1cc(c(c3c(ccn3C)F)n1C)F)SC)SC)c1c(c(c(s1)c1cc(c(c3c(cc(c4c(c(c(c5c6c(c(cn5)c5c(c(cs5)SC)SC)nsn6)s4)SC)SC)n3C)F)n1C)F)SC)SC)nsn2
5341,1.8056387310329125,2.4122818898749667,1,c12c(c(cnc1c1c(c(c(s1)c1cc(c(c3c(ccn3C)OC)n1C)OC)SC)SC)c1c(c(c(s1)c1cc(c(c3c(cc(c4c(c(c(c5c6c(c(cn5)c5c(c(cs5)SC)SC)nsn6)s4)SC)SC)n3C)OC)n1C)OC)SC)SC)nsn2
5342,2.176720402247209,4.181225263918041,1,c12c(c(cnc1c1c(c(c(c3cc(c(s3)c3c(ccs3)OC)OC)n1C)OC)OC)c1c(c(c(n1C)c1sc(c3sc(c4c(c(c(c5c6c(c(cn5)c5c(c(cn5C)OC)OC)[N]N([N]6)C)n4C)OC)OC)cc3OC)c(c1)OC)OC)OC)nn(n2)C
5343,2.5840204282599384,3.0568490597193905,1,c12c(c(cnc1c1c(c(c(c3cc(c(s3)c3c(ccs3)SC)SC)n1C)OC)OC)c1c(c(c(n1C)c1sc(c3sc(c4c(c(c(c5c6c(c(cn5)c5c(c(cn5C)OC)OC)nn(n6)C)n4C)OC)OC)cc3SC)c(c1)SC)OC)OC)nn(n2)C
5349,2.0407995290554943,0.5115687275833837,1,c12c(c(cnc1c1c(c(c(s1)c1cc(c(c3c(ccn3C)C)n1C)C)OC)OC)c1c(c(c(s1)c1cc(c(c3c(cc(c4c(c(c(c5c6c(c(cn5)c5c(c(cs5)OC)OC)nsn6)s4)OC)OC)n3C)C)n1C)C)OC)OC)nsn2
5353,1.872551529266832,1.3035418135022412,1,c12c(c(cnc1c1c(c(c(s1)c1ccc(c3cccn3C)n1C)OC)OC)c1c(c(c(s1)c1ccc(c3ccc(c4c(c(c(c5c6c(c(cn5)c5c(c(cs5)OC)OC)nsn6)s4)OC)OC)n3C)n1C)OC)OC)nsn2
5356,1.995247668850704,2.884279095739425,1,c12c(c(cnc1c1c(c(c(s1)c1cc(c(c3c(ccn3C)F)n1C)F)OC)OC)c1c(c(c(s1)c1cc(c(c3c(cc(c4c(c(c(c5c6c(c(cn5)c5c(c(cs5)OC)OC)nsn6)s4)OC)OC)n3C)F)n1C)F)OC)OC)nsn2
5358,1.6718947687231478,2.5599994477912196,1,c12c(c(cnc1c1c(c(c(s1)c1cc(c(c3c(cc(n3C)c3c(c(c(c4c5c(c(c6c(c(c(s6)c6cc(c(c7c(ccn7C)OC)n6C)OC)OC)OC)nc4)nsn5)s3)OC)OC)OC)n1C)OC)OC)OC)c1c(c(cs1)OC)OC)nsn2
5362,2.945823016839925,8.533134850420264,1,c12c(c(cnc1c1c(c(c(c3cc(c(s3)c3c(cc(s3)c3c(c(c(c4c5c(c(c6c(c(c(c7cc(c(s7)c7c(ccs7)C)C)n6C)SC)SC)nc4)[N]N([N]5)C)n3C)SC)SC)C)C)n1C)SC)SC)c1c(c(cn1C)SC)SC)nn(n2)C
5363,2.894747245272188,7.514184986097296,1,c12c(c(cnc1c1c(c(c(c3cc(c(s3)c3c(cc(s3)c3c(c(c(c4c5c(c(c6c(c(c(c7cc(c(s7)c7c(ccs7)F)F)n6C)SC)SC)nc4)nn(n5)C)n3C)SC)SC)F)F)n1C)SC)SC)c1c(c(cn1C)SC)SC)nn(n2)C
5364,2.694852403537186,10.395721613296553,1,c12c(c(cnc1c1c(c(c(c3ccc(c4ccco4)o3)n1C)SC)SC)c1c(c(c(n1C)c1ccc(c3ccc(c4c(c(c(c5c6c(c(cn5)c5c(c(cn5C)SC)SC)[N]N([N]6)C)n4C)SC)SC)o3)o1)SC)SC)nn(n2)C
5365,2.5148490849859964,7.875401455131419,1,c12c(c(cnc1c1c(c(c(c3cc(c(s3)c3c(cc(s3)c3c(c(c(c4c5c(c(c6c(c(c(c7cc(c(s7)c7c(ccs7)OC)OC)n6C)SC)SC)nc4)nn(n5)C)n3C)SC)SC)OC)OC)n1C)SC)SC)c1c(c(cn1C)SC)SC)nn(n2)C
5366,3.042477859998477,8.488252432887151,1,c12c(c(cnc1c1c(c(c(c3cc(c(s3)c3c(cc(s3)c3c(c(c(c4c5c(c(c6c(c(c(c7cc(c(s7)c7c(ccs7)SC)SC)n6C)SC)SC)nc4)nn(n5)C)n3C)SC)SC)SC)SC)n1C)SC)SC)c1c(c(cn1C)SC)SC)nn(n2)C
